dataset,domain,n_samples,n_features,n_classes,accuracy,tdi_vr_h0,tdi_vr_h1,tdi_alpha_h0,tdi_alpha_h1,tdi_random_label,signal_ratio,input_entropy_h0,input_entropy_h1,input_knn_purity,final_knn_purity,purity_gain
,,,,,,,,,,,,,,,,
wine,biology,178,13,3,0.9777777777777777,375.59591036756865,39.33302210815994,375.59591036756865,39.33302210815994,215.1741907596588,0.5728874698052046,5.1420931034012,4.337509461148448,0.9382022471910112,0.9629213483146066,0.024719101123595433
iris,biology,150,4,3,1.0,181.78929885827904,16.367311875948875,181.78929885827904,16.367311875948875,155.12534955758196,0.8533249785979756,4.874038343022583,3.2304747297497833,0.9293333333333332,0.9066666666666666,-0.022666666666666613
breast_cancer,biology,569,30,2,0.972027972027972,465.9060216350708,66.08929506402164,359.5844927708034,45.92604659822732,98.69842137281037,0.2118419097191186,5.8855369116906235,5.2307627232958875,0.9495,0.9725,0.02300000000000002
digits,biology,1797,64,10,0.9866666666666667,1283.3648681760187,98.86293543459777,969.9448225761058,76.3162247954463,1006.3770620213644,0.7841706493428303,5.888147754250401,5.1346738167698565,0.8710000000000001,0.9655000000000001,0.09450000000000003
swiss_roll,synthetic,500,3,2,1.0,307.78133589829645,61.96010072908567,274.0118780235622,57.674704728818476,192.81281595425503,0.6264603907560148,5.864467809199133,4.366756605903767,0.935,0.9440000000000001,0.009000000000000008
two_moons,synthetic,500,2,2,0.976,113.9457855021822,13.529940136591318,103.7388955985443,12.180027352990415,110.46971894086076,0.9694936802971543,5.824466682682806,3.771022042731745,0.9845,0.985,0.0004999999999999449
two_circles,synthetic,500,2,2,1.0,95.0337125762331,19.19210459678652,79.35830676181754,18.85043965644303,92.10721556926175,0.9692056962983131,5.836976879046555,2.668223688414796,1.0,1.0,0.0
blobs_2d,synthetic,500,2,4,0.912,176.64385568984423,24.58272827638792,149.3653018528537,16.083109988756576,127.55585444579937,0.7221075080571451,5.818306797005668,4.194470364004793,0.8995000000000001,0.9,0.0004999999999999449
blobs_10d,synthetic,500,10,5,1.0,427.220256382436,38.006709467999244,325.3864840487307,25.03435596989767,498.35738760069165,1.166511606496897,5.932153108953944,5.179443913879691,1.0,1.0,0.0
aniso,synthetic,500,2,3,0.92,180.78082389969038,26.314090751510886,156.73391885681608,19.74146583374078,138.71195013726515,0.7672934946586596,5.8037738745342144,4.055307833387716,0.9194999999999999,0.922,0.0025000000000001688
cmf_hunt,mathematics,2400,20,3,0.9983333333333333,341.34187506529736,52.72684513150324,257.2393812031873,34.29681820921563,217.0242360992816,0.6357972811210629,5.754337632035504,5.296269796681598,0.9775,0.9925,0.015000000000000013
ionosphere,physics,150,4,3,1.0,181.75782504798957,16.48800427901683,181.75782504798957,16.48800427901683,152.6930039259086,0.8400903998801319,4.863555684992227,3.2307616498702374,0.9293333333333332,0.9066666666666666,-0.022666666666666613
sonar,physics,208,60,2,0.8461538461538461,711.9989418611826,45.50973633046429,711.9989418611826,45.50973633046429,624.359781725627,0.8769111090158861,5.2661582793703605,4.095826272763482,0.7932692307692307,0.8913461538461538,0.09807692307692306
magic,physics,2000,10,2,0.828,388.55170025039195,62.45926889110915,302.3394018146632,39.414202638967154,389.39799859638106,1.0021780842689498,5.850401629496705,5.079138089253873,0.7345,0.7475,0.013000000000000012
waveform_5000,physics,3000,40,3,0.792,1250.779384613037,194.2261553083962,938.6150753498077,132.2466107261337,714.5069714784622,0.5712493987894712,5.986026822331839,6.0494208037749235,0.6644999999999999,0.7190000000000001,0.054500000000000215
isolet,speech,7797,617,26,0.963076923076923,6571.3039616635715,177.32176494209824,5010.412230982302,131.43468568693334,8269.652076548231,1.2584491791572385,5.976073667282101,5.228545416986431,0.5794999999999999,0.9730000000000001,0.3935000000000002
phoneme,speech,2000,5,2,0.842,371.24782598447564,48.50076519856398,307.3304511590569,36.97094464759751,324.080326696803,0.8729487528644948,5.875524995404949,4.613234634611766,0.7375,0.7354999999999999,-0.002000000000000113
shuttle,aerospace,3244,9,7,0.9741060419235512,198.6826687013697,14.963906302042677,157.0646784579308,12.080277138385027,151.71530605266747,0.763606141614211,4.481624899677651,3.154924202923774,0.9115000000000001,0.9159999999999999,0.0044999999999998375
climate_model,engineering,2000,9,2,0.598,251.73135552882482,46.90028120302952,197.58774702248655,41.73816540420733,236.58356684940833,0.9398255785514095,5.449521355470706,4.640364183004735,0.53,0.528,-0.0020000000000000018
APSFailure,engineering,2000,170,2,0.944,1483.000620798374,32.54579322783418,1134.2920828940312,24.37226829978184,1362.310484447545,0.9186176090163364,5.42278818897926,3.8072958384031277,0.8935,0.9319999999999999,0.03849999999999998
diabetes,medicine,768,8,2,0.765625,564.75887241429,65.69872846180108,447.4478046688302,51.077311103593324,561.1708625618157,0.9936468287126933,5.910784395369501,5.140695884661154,0.6759999999999999,0.6920000000000001,0.016000000000000125
wdbc,medicine,569,30,2,0.9790209790209791,521.1480545065907,64.00420697136772,410.4463126580737,48.37176405556913,90.39572767105464,0.17345498441251775,5.892280885401527,5.31298269394193,0.9345,0.9595,0.025000000000000022
blood_transfusion,medicine,748,4,2,0.8074866310160428,190.34772731302948,29.927229261984838,155.01485639346618,20.745396489606602,204.27393225421127,1.0731619186515422,5.38222466157189,4.408544160190537,0.6925,0.6919999999999998,-0.000500000000000167
breast_w,medicine,699,9,2,0.9771428571428571,463.6463459907374,70.3615239929268,377.12152296826406,54.07485571465141,405.934964334223,0.8755271509081033,5.438533668006379,4.76921638853292,0.955,0.961,0.006000000000000005
sick,medicine,1231,6,2,0.9318181818181818,304.6226438569505,41.27641173905476,249.90074890293357,33.222560533086046,284.1812200218462,0.9328959148397926,5.814733518942586,4.815490389761621,0.8975,0.9185,0.02100000000000002
hepatitis,medicine,155,6,2,0.7435897435897436,225.74263535727826,21.623791004315187,225.74263535727826,21.623791004315187,193.13723687643713,0.8555638440685464,4.894671553572787,3.8544871245704626,0.7819354838709679,0.7974193548387097,0.015483870967741842
hypothyroid,medicine,1291,6,4,0.9597523219814241,273.9963264488959,35.30539904206702,238.8872032300178,33.30958382257974,263.73891931552805,0.9625637056295315,5.8333464669657165,4.92247028347405,0.7659999999999999,0.7975,0.031500000000000083
cardiotocography,medicine,2126,35,10,1.0,865.0949587016561,63.09428609954897,660.2948694250224,43.38106577528168,385.61855217644796,0.44575286018911553,5.871818586441121,5.139665476830849,0.985,0.9984999999999999,0.013499999999999956
arrhythmia,medicine,478,6,3,0.5416666666666666,195.18003955127634,117.95790276367714,173.2359321278267,95.94296670726894,180.4955555504054,0.9247644173316548,4.688784513931903,4.647983809629732,0.431,0.4335,0.0025000000000000022
cardio2,medicine,690,6,2,0.7687861271676301,572.8884622741489,88.78761783852163,478.48209232153647,69.85516165876975,615.5254695369233,1.0744246220172105,5.875395571654898,5.056336804131224,0.6884999999999999,0.6755,-0.0129999999999999
yeast,biology,2000,11,2,0.584,321.84611679577887,73.35787203539397,263.3535120653744,54.855260502295266,298.0072050283131,0.9259307149491187,5.721497742329307,5.1137789027000995,0.5475,0.5369999999999999,-0.010500000000000065
miceprotein,biology,126,310,2,0.875,1165.953693921971,26.221321592150296,1165.953693921971,26.221321592150296,1116.9990662602017,0.9580132316429322,4.716491142999923,3.578168200935769,0.696825396825397,0.9349206349206349,0.23809523809523792
steel_plates_fault,engineering,1673,33,2,1.0,581.2066500940662,70.60653061482114,481.44643561143175,55.399694977531624,131.3708679665545,0.2260312540217711,5.85282993868422,5.0483992953530485,0.919,0.9965,0.07750000000000001
banknote,finance,1372,4,2,1.0,303.79702207025673,28.53008034429444,268.8440591162054,30.246364874454905,257.5704817691745,0.8478374146459151,5.810748450645081,4.0253853234753745,0.99,0.9890000000000001,-0.0009999999999998899
bank_marketing,finance,2000,7,2,0.798,366.59345301964925,48.94783822474366,259.0392226030002,41.77264134049689,373.3793519950342,1.0185106933020467,5.687770677982185,4.988722134000889,0.6855,0.705,0.019499999999999962
credit_g,finance,1000,7,2,0.688,358.5506145917585,77.91305266179701,283.75729474896684,64.85090943637847,379.82738159243,1.059341041779825,5.823402472794014,5.412423217043505,0.62,0.6285,0.008499999999999952
credit_approval,finance,690,6,2,0.8208092485549133,421.73413397129667,43.55801278362357,347.0726117791702,34.4667526878567,428.1045586022772,1.0151053095252047,5.604570733684837,4.816806857030603,0.6545000000000001,0.665,0.010499999999999954
adult,social,2000,6,2,0.708,286.882695764589,39.776345673287665,219.69717006656464,27.48142323786756,285.71838928434954,0.9959415241928886,5.772169575344645,4.861139219278057,0.6365,0.6395000000000001,0.0030000000000001137
churn,finance,1707,16,2,0.6604215456674473,353.13498163223267,112.05744347238844,270.72421956062317,84.01801885585886,267.69214367866516,0.7580448202592664,5.973674814275373,5.890824410240144,0.595,0.623,0.028000000000000025
Titanic,social,1075,36,2,0.9851301115241635,236.46380599969478,22.71327028467531,172.1796608010134,17.977099498515866,111.50980865955353,0.47157241755508855,5.918620406059261,4.578953056858445,0.9630000000000001,0.9675,0.0044999999999999485
contraceptive,social,1473,2,3,0.5094850948509485,117.5671298947077,19.6275161094364,98.97177723845067,16.2392455702259,120.02917490552707,1.0209416102359934,4.953804157917768,4.360341751987416,0.42400000000000004,0.4105,-0.013500000000000068
Buzzinsocialmedia,social,1023,30,2,0.99609375,536.977175718846,71.73174141486408,364.63408863451355,48.06339572300171,421.00805159911073,0.7840334201086135,5.815395845595837,5.42150523277106,0.9865,0.986,-0.000500000000000056
credit_card_default,finance,130,8,2,0.9090909090909091,120.17638139328926,12.124070556408146,120.17638139328926,12.124070556408146,100.65462381962533,0.8375574522436565,4.530740202826905,3.3346742197880856,0.8769230769230769,0.8769230769230769,0.0
kc1,software,522,21,2,0.8091603053435115,196.01118430819383,16.83780780411245,164.20156222492508,13.198754464128385,324.1536185310596,1.6537506248693639,4.7982887700470105,4.130692516956459,0.7929999999999999,0.7829999999999999,-0.010000000000000009
pc1,software,1077,21,2,0.937037037037037,189.14305174327072,25.42581903936226,159.34573126584624,20.229873104243094,211.44545328146828,1.1179128777538667,5.470968285326144,4.581373053462891,0.9165000000000001,0.914,-0.0025000000000000577
pc4,software,1178,37,2,0.8847457627118644,170.3328174165592,32.486711078428286,186.4917412293333,21.504928200622928,132.18995608095838,0.7760686289693656,5.550807436276607,4.798044216569958,0.8315,0.8504999999999999,0.018999999999999906
pc3,software,1160,37,2,0.8482758620689655,190.8726050406711,34.50361214780911,112.67930687369567,24.10340858637636,127.75004511538435,0.6692948162370572,5.5322743411649,4.870508971714962,0.8079999999999999,0.8140000000000001,0.006000000000000116
mc1,software,1068,38,2,0.9700374531835206,148.56297296775801,20.564504495234072,100.6337766514363,17.485641652562364,132.36082569996722,0.8909408788466621,4.929461793338149,4.186767654081029,0.9170000000000001,0.9375,0.02049999999999985
mozilla4,software,2000,5,2,0.892,207.24458410320216,29.56209480584116,182.35647335980607,26.814783914266794,206.22257488833833,0.9950685842079477,5.570583618274279,4.425975810037266,0.746,0.7615000000000001,0.01550000000000007
kc2,software,369,8,2,0.5806451612903226,205.25501068254704,18.448706660317924,182.06123453035485,16.208215332076563,192.0926353467337,0.9358730620410011,5.327843326035543,4.389106276619717,0.5994579945799458,0.6016260162601627,0.0021680216802169028
kc3,software,1326,21,2,0.7891566265060241,174.71282102941123,17.691164968747387,140.12374611555498,14.965764108129596,199.28794835159073,1.1406601254411806,5.022066769706544,3.7456838292374077,0.7815000000000001,0.7844999999999999,0.0029999999999997806
jm1,software,403,37,2,0.9207920792079208,171.46533281355755,34.91628482897468,140.26364005266183,26.734094691878212,169.09058812126722,0.9861502925791273,5.698359842720468,4.8502863767430835,0.8785,0.8844999999999998,0.005999999999999894
mnist_784,vision,10000,784,10,0.9416,6477.492399164114,157.43657839151635,4701.57256124868,121.48857850711494,7586.865541119879,1.1712658346150933,5.877617409146824,4.974351582244609,0.6575,0.9079999999999999,0.25049999999999994
fashion_mnist,vision,10000,784,10,0.8408,5907.028080607333,135.09892839323808,4393.970198337149,95.76341537877512,6829.235565762104,1.1561203828000006,5.916715174939426,4.552199222209113,0.6715000000000001,0.8240000000000001,0.15249999999999997
letter,vision,20000,16,26,0.9518,1280.397549947234,128.05062690809189,1057.8510500361635,92.94469772167248,245.49554861629082,0.19173384752759629,5.938561467402765,5.2275206603198185,0.42200000000000004,0.547,0.125
optdigits,vision,5620,64,10,0.9836298932384342,1274.3536567412934,103.3298642158885,988.9600705876139,79.95436427513962,1162.2469716754622,0.9120285923198869,5.898151660930765,5.068327264854371,0.8615,0.9494999999999999,0.08799999999999986
pendigits,vision,10000,16,10,0.9936,249.18618508985304,38.053208667817906,206.46008763484502,33.36248868630869,341.1120845412495,1.3689044776629542,5.9048872178650385,4.812156321712269,0.9030000000000001,0.9235000000000001,0.020499999999999963
semeion,digits,1593,256,10,0.9373433583959899,5259.329946733061,265.35784957751497,4028.509414241642,177.80367796013635,4815.921754900592,0.9156911248536705,5.979792777143753,5.839928838414091,0.7525,0.966,0.21350000000000002
mfeat_fourier,vision,2000,76,10,0.82,1925.360060855548,148.3673139102562,1479.8613139530391,101.21624605536633,1653.829985384839,0.8589717939043294,5.957279473679216,5.361367122774964,0.645,0.7709999999999999,0.1259999999999999
mfeat_karhunen,vision,2000,64,10,0.972,2060.6092186915125,171.52538224412274,1575.2960347533453,121.36000648351785,1390.5922474861145,0.6748452034826579,5.978138714067634,5.7244853969116996,0.8035,0.9445000000000001,0.14100000000000013
mfeat_morphological,vision,2000,6,10,0.73,265.1203819061954,21.457988650207056,230.21470523840307,19.356695833974232,266.9743830870712,1.0069930541271315,5.561269377015281,3.959721871382701,0.6695,0.6920000000000001,0.022500000000000075
mfeat_zernike,vision,2000,47,10,0.806,729.8472660464325,130.4063539851575,570.620086595423,93.44894395071603,733.107018934267,1.0044663493849781,5.955278780355683,5.360964189690943,0.6794999999999999,0.7859999999999999,0.10650000000000004
mfeat_factors,vision,2000,216,10,0.98,2673.665470165496,152.80767907854886,2089.925541836795,120.34727931574199,2483.949616688424,0.929042785795738,5.963444368529838,4.9986099575240335,0.884,0.9680000000000001,0.08400000000000007
segment,vision,2310,19,7,0.9878892733564014,131.1620717854492,23.238772893445677,85.10410879234792,20.322300141727634,310.2159667988677,2.3651346961514093,5.572430889235459,4.530608072793495,0.855,0.8994999999999999,0.04449999999999987
movement_libras,vision,2000,240,10,0.976,3913.5078686425104,169.60325609790112,3028.194823574413,127.42442993395404,3125.945668215072,0.7987579872426264,5.976512878652544,5.239298030215304,0.884,0.9645,0.08050000000000002
fabert,vision,2000,26,2,0.594,185.3725416575473,24.960905844819568,139.11564597875775,18.409172611122194,195.4730041421117,1.0544873711837202,5.7924853649743495,4.597549879260632,0.5529999999999999,0.5565000000000001,0.0035000000000001696
spambase,nlp_features,2000,57,2,0.944,690.4791352034347,32.54322335413666,625.951940812364,23.325888672016198,551.2447974441219,0.7983511294395733,5.747813153309278,4.081315331720342,0.8169999999999998,0.8785000000000001,0.06150000000000022
analcatdata_authorship,nlp_features,841,70,4,1.0,2656.2309332396267,111.29733817506386,2009.691875305841,80.96353240176956,1724.246860384941,0.6491328893162135,5.984305570928056,5.663562678034818,0.9855000000000002,0.997,0.011499999999999844
cnae,nlp_features,1080,856,9,0.9185185185185185,6335.359289677002,57.6129902389829,5257.506604977692,22.32854141442475,5928.45217388367,0.9357720537718583,5.742521617351262,3.6704269520422708,0.625,0.9684999999999999,0.3434999999999999
sylva_agnostic,ecology,2000,48,2,0.736,493.7824209234511,176.19050116358943,367.1500896744097,141.2801648616013,399.5221816847327,0.8091057209723325,5.771700326528582,5.236158374031991,0.6259999999999999,0.6615000000000001,0.0355000000000002
wilt,ecology,1261,5,2,0.9810126582278481,375.79343168077315,62.560810548011816,306.11376664384755,44.61194137156082,367.4476099600111,0.9777914646260991,5.7841731400129754,5.136639955006279,0.8364999999999999,0.8915000000000001,0.05500000000000016
gas_drift,chemistry,163,9,2,0.8048780487804879,201.45406151120477,11.636193692597555,201.45406151120477,11.636193692597555,145.65007181543515,0.7229939705501255,4.703842738750395,3.65110880384995,0.7521472392638037,0.750920245398773,-0.0012269938650306678
qsar_biodeg,chemistry,1055,41,2,0.8825757575757576,312.9328012805606,42.97708079631087,289.87552459948375,33.30774109614624,297.0600944593555,0.94927758689325,5.808823074116271,4.882036260958662,0.787,0.809,0.02200000000000002
seismic_bumps,engineering,1286,10935,2,0.9565217391304348,28207.311919241103,158.16557146277705,21617.880091162315,87.71914268739646,28717.69531212954,1.018094010317243,5.962241202126922,4.136977802691786,0.878,0.98,0.10199999999999998
electricity,energy,2000,3,2,0.574,248.3188091286564,46.86793938679023,204.31427993640975,33.56148305399221,268.7402890020374,1.0822389570288267,5.8730834363732125,4.600608200874317,0.5165000000000001,0.5115000000000001,-0.0050000000000000044
balance_scale,psychology,625,4,3,0.9235668789808917,756.119865155136,394.34587308157853,579.7500254248616,217.33011131227295,520.2648928761482,0.6880719801871671,5.9889614164908656,6.001342099833184,0.7829999999999999,0.8025,0.019500000000000073
heart_statlog,medicine,270,13,2,0.8088235294117647,586.0785586289717,101.54831402588856,586.0785586289717,101.54831402588856,429.87517566375107,0.7334770558222926,5.539662368994438,5.182223885642616,0.7666666666666667,0.7822222222222223,0.015555555555555545
lymph,medicine,148,3,4,0.6216216216216216,72.06012362557222,6.964936587547567,72.06012362557222,6.964936587547567,67.64284896229051,0.938700151470263,3.022880957895695,2.4877431549221414,0.581081081081081,0.572972972972973,-0.008108108108108025
anneal,engineering,898,6,5,0.8177777777777778,142.59167515232923,23.975428742404283,133.67200533282738,17.72791888878518,128.19756930814867,0.8990536731628723,5.114204718202373,3.923310720851224,0.752,0.7509999999999999,-0.001000000000000112
australian,finance,151,3,3,0.6052631578947368,96.23013360619322,13.408398224085122,96.23013360619322,13.408398224085122,98.00368471210922,1.0184303090877331,4.4595099740033906,2.721617150545394,0.3894039735099338,0.38013245033112586,-0.009271523178807917
glass,materials,214,9,6,0.6481481481481481,219.24320994124463,13.954952389043084,219.24320994124463,13.954952389043084,163.89045913049267,0.7475280952801866,4.964847034365494,3.561274330403329,0.6280373831775703,0.6448598130841121,0.016822429906541814
eucalyptus,ecology,736,14,5,0.6304347826086957,342.1068887302398,79.6021027671982,276.71845617914823,64.79122397627303,359.2666950309439,1.050159195461963,5.87502586351839,5.392500741090325,0.47900000000000004,0.5075,0.028499999999999914
vehicle,robotics,846,18,4,0.8443396226415094,210.658290743191,67.97910932221903,185.4677547325287,48.45657612466274,413.3842634714796,1.9623450945751166,5.932169115587013,5.207908855746478,0.6315,0.6970000000000001,0.06550000000000011
gina_agnostic,synthetic,2000,970,2,0.896,10564.81037794226,232.72211413939863,7923.412400637678,147.8276239373497,10735.672903787676,1.0161727962673284,5.972709465722379,5.164748994378815,0.6890000000000001,0.9615,0.27249999999999996
har,robotics,6000,561,6,0.984,4798.826512228579,87.97012061558843,3730.4214932677864,57.70242094052297,5378.3890228270375,1.1207717155687107,5.943698497859165,5.062881005138948,0.746,0.9789999999999999,0.23299999999999987
wall_robot,robotics,3154,24,4,0.9011406844106464,180.9625196314763,59.10099388115964,149.19081406847866,49.312868459151495,202.5939399704754,1.1195353622565087,5.843452237593979,5.074931378549808,0.6235,0.6619999999999999,0.03849999999999987
ilpd,medicine,100,9,2,0.92,197.3283604330668,41.41833490266374,197.3283604330668,41.41833490266374,197.88143874137023,1.0028028323302824,4.523952102074493,3.9254377759676857,0.802,0.81,0.008000000000000007
nomao,nlp_features,6000,128,6,0.9826666666666667,686.5406091517727,29.957386478720593,528.2169344403367,26.766331041553357,591.4975700797855,0.8615623929523794,5.580553712372623,4.067386851939089,0.8275,0.9594999999999999,0.1319999999999999
ozone,environment,1160,72,2,0.8931034482758621,951.4043396200519,109.62666859225229,732.8474004233518,82.40693429695125,801.2092725031091,0.8421332961578418,5.957243056055677,5.20041961180762,0.838,0.8605000000000002,0.022500000000000187
first_order,synthetic,4475,51,6,0.4539767649687221,454.1838992311457,29.036042825589,362.4609773707398,19.406342262620754,272.4393852626671,0.5998437763290587,5.32356735311191,3.8834831394229874,0.29350000000000004,0.3085,0.014999999999999958
hill_valley,synthetic,1212,100,2,0.594059405940594,157.5330163287074,3.8228527159511363,158.91779407765256,4.565013835872557,92.02646009287562,0.5841725260998862,4.384443131971783,1.826587907740949,0.5005,0.594,0.09350000000000003
Thai_Student,education,500,7,10,0.8,227.26770336319476,180.0695188600108,193.6659455874559,127.52916677831581,187.9693876374806,0.8270835884546612,4.329856164383912,4.800125858424774,0.602,0.619,0.017000000000000015
eye_movements,neuroscience,2000,100,2,0.778,1614.8141120843131,35.11760279445633,1252.9888540468296,27.698484432363706,1609.5136023261573,0.9967175728038974,5.738638794640936,4.0755070569634615,0.6175,0.715,0.09749999999999992
wine_quality_red,food,1599,11,6,0.62,476.3393173496372,87.24702016018774,383.2561185818262,53.41558855637587,463.579793630308,0.973213372789961,5.877354582916839,5.146112294761676,0.505,0.5075,0.0024999999999999467
volkert,synthetic,583,9,2,0.7054794520547946,319.64581549231065,40.0703144571409,265.9700380718237,25.42463502597755,300.10082383601724,0.9388542233027807,5.710736762395165,4.908886333750945,0.6430000000000001,0.6405000000000001,-0.0025000000000000577
100_plants_texture,ecology,1600,64,100,0.75,1354.975866262158,119.49467290285708,1078.6148534093907,90.75271252498263,1214.7937201995528,0.8965426989859884,5.959053674310104,4.991554259466076,0.41,0.44,0.030000000000000027
100_plants_margin,ecology,1600,64,100,0.615,590.6198683887669,55.897551822581036,505.99294230670444,49.23695771197802,620.2673911880329,1.050197300135103,5.834082616847297,4.432336274938153,0.2725,0.293,0.020499999999999963
synthetic_control,synthetic,2000,8,2,0.95,497.0467665503648,69.78810450712737,398.1148871315122,39.2744597725878,423.2808670341967,0.8515916318536326,5.915285640670589,5.251651915431253,0.7775,0.8785,0.10099999999999998
hapt,robotics,303,5,2,0.8157894736842105,423.42089670513315,70.93761712565956,420.25540668314335,68.68238959166096,374.4213761767803,0.8842770375537802,5.624311080512829,4.825910906254524,0.634983498349835,0.6316831683168316,-0.0033003300330034513
australian2,finance,2310,16,7,0.9273356401384083,206.98467045091792,18.183881351158234,163.09439649390393,15.4665407874176,222.9882211589972,1.0773175649830269,5.291975802338376,3.9808577870406117,0.7865000000000001,0.8119999999999998,0.025499999999999745
christine,synthetic,2000,1599,2,0.638,14497.980222880957,192.91010737358312,10959.07365674491,122.4617147830356,14495.63318957276,0.9998381130838837,5.985840147859884,5.266700209335161,0.589,0.8555000000000001,0.2665000000000002
jasmine,synthetic,2000,8,2,0.804,208.23769227105845,23.514261901601408,186.01408364491954,19.38361135843875,263.2371154539873,1.2641184820245575,5.559397432200618,4.80107899454379,0.6905,0.6940000000000001,0.0035000000000000586
madeline,synthetic,2000,259,2,0.576,7138.303509604359,223.6171775453265,5343.004056925892,175.19441818738582,7145.812207429341,1.0010518882833825,5.988558205046767,6.195800135141068,0.5784999999999999,0.6594999999999999,0.08099999999999996
philippine,synthetic,2000,308,2,0.698,6561.792669061966,202.19673442773785,4829.211607392668,140.0950865145844,6532.225795070433,0.9954940859178717,5.963878866837048,5.652684040264133,0.6345,0.758,0.12350000000000005
sylvine,synthetic,2000,20,2,0.896,444.38836789131165,107.74044577840547,376.4161286354065,84.05869970020056,94.28120696544647,0.21215948431059234,5.975498323462878,5.903590039205717,0.6565000000000001,0.7169999999999999,0.060499999999999776
Pumpkin_Seeds,openml_catalog,2000,12,2,0.894,249.98067986150468,51.69104271823204,179.8666348445294,35.0882905436067,241.69243580625604,0.9668444615006226,5.897675182514141,4.890569681315883,0.792,0.7985,0.00649999999999995
timing_attack_dataset_25_micro_s,openml_catalog,11000,124,11,0.10072727272727272,256.0404026576922,36.061844306895345,202.34207810663213,31.615066302518557,186.45686026467317,0.7282321787079546,5.882172957464469,5.010044114130746,0.079,0.085,0.006000000000000005
irish,openml_catalog,500,2,2,0.688,126.91951926665203,18.31488321107234,109.96395654387085,14.39148870917919,117.81299401253072,0.928249608045009,5.427291200899563,3.6593308222922296,0.6025,0.595,-0.007500000000000062
FOREX_usdchf_hour_Close,openml_catalog,2000,10,2,0.492,152.02529527401913,22.60399083197825,114.42161808606686,15.934021585187033,182.99836987999907,1.2037363226307325,5.696429013079149,4.165807593615554,0.515,0.5185,0.0034999999999999476
kc1_seed_3_nrows_2000_nclasses_1,openml_catalog,1309,21,2,0.7713414634146342,166.77126785298606,20.142617332667367,126.7237249729684,14.27952159133234,187.13438657287242,1.122102080184682,5.0515380515840524,3.881560091888742,0.7575,0.76,0.0025000000000000577
chscase_census4,openml_catalog,400,7,2,0.46,713.3083228650739,138.57461913852046,554.7535937037949,100.38983472504205,680.9140741098415,0.9545859094632211,5.93840462072777,5.605493684748154,0.48700000000000004,0.495,0.007999999999999952
spambase_reproduced,openml_catalog,2000,57,2,0.944,690.4791352034347,32.54322335413666,625.951940812364,23.325888672016198,551.2447974441219,0.7983511294395733,5.747813153309278,4.081315331720342,0.8169999999999998,0.8785000000000001,0.06150000000000022
timing_attack_dataset_32_micro_s,openml_catalog,9996,124,11,0.11284513805522209,284.5742789025834,39.84014271703268,206.61800394742886,30.718637088870242,215.57955976103312,0.7575511061378501,5.880634395028476,5.060996858032287,0.0725,0.081,0.008500000000000008
mfeat_factors_seed_4_nrows_2000_,openml_catalog,2000,100,10,0.976,1622.4796182205182,115.64543025131505,1276.9501618439099,100.24193847232098,1354.9342948051117,0.8351009649607547,5.9635379489165725,5.0048911996669165,0.8805000000000001,0.9555000000000001,0.07500000000000007
eye_movements_seed_3_nrows_2000_,openml_catalog,2000,20,2,0.566,184.48394571306227,42.2368417664186,142.3001009745184,28.67675428730691,200.62168419996036,1.0874750289220179,5.884974998857567,5.342763768462331,0.5335,0.513,-0.020499999999999963
no2,openml_catalog,500,7,2,0.68,432.48312685632413,82.16983006797432,359.03660932459707,67.88102768758412,408.46324716441575,0.9444605391509573,5.931628161877832,4.983629695444009,0.5529999999999999,0.557,0.004000000000000115
Predicting_Risk_Factors_of_Chron,openml_catalog,200,13,2,1.0,231.24456263929125,56.44675058666617,231.24456263929125,56.44675058666617,157.86719758238362,0.6826850144305191,4.53929086765038,4.220657581528365,1.0,1.0,0.0
spectrometer,openml_catalog,531,100,2,0.9323308270676691,678.8525423859841,59.12501147473181,531.0209187679759,43.60306154852638,595.64164663063,0.877424196626133,5.876191238269974,4.686884339373643,0.919,0.9475,0.02849999999999997
jasmine_seed_4_nrows_2000_nclass,openml_catalog,2000,6,2,0.754,192.37861089133528,15.919946556817791,188.88588897009635,17.354041664152383,173.0034315732838,0.8992862084392764,5.300653942093191,4.832757378422175,0.5895,0.603,0.013499999999999956
FOREX_eurcad_day_High,openml_catalog,1834,10,2,0.7516339869281046,326.98461666620517,34.41798188747024,259.8515230342102,24.809828558963506,213.2174488720333,0.6520718040068885,5.8348276684032285,3.975721057525947,0.48450000000000004,0.583,0.09849999999999992
vehicle,openml_catalog,846,18,2,0.9858490566037735,351.02881333628534,77.08404330212056,287.4998351991009,57.55764153240801,289.46844094087965,0.8246287197614434,5.9371799559428675,5.207055966558739,0.93,0.9684999999999999,0.03849999999999987
christine_seed_0_nrows_2000_ncla,openml_catalog,2000,96,2,0.694,2741.1947786032065,145.18811629684268,2057.5946362018585,129.8474281713569,2618.759314379405,0.9553350002052065,5.981172964749066,5.568649517624143,0.557,0.621,0.06399999999999995
Australian_seed_4_nrows_2000_ncl,openml_catalog,690,6,2,0.7687861271676301,572.8884622741489,88.78761783852163,478.48209232153647,69.85516165876975,615.5254695369233,1.0744246220172105,5.875395571654898,5.056336804131224,0.6884999999999999,0.6755,-0.0129999999999999
company_quality_and_valuation_fi,openml_catalog,719,9,6,0.5166666666666667,356.9750397160217,34.060314482860456,241.338795719724,23.942638701602597,399.84715607035224,1.120098358665177,5.46853765322002,5.077852173316806,0.365,0.38799999999999996,0.022999999999999965
philippine_seed_1_nrows_2000_ncl,openml_catalog,2000,100,2,0.618,2950.397229342769,169.35100678326285,2293.037513497368,117.31617676562405,2826.6508296300926,0.9580577155909809,5.981674618935099,5.784078037886459,0.581,0.609,0.028000000000000025
jasmine_seed_0_nrows_2000_nclass,openml_catalog,2000,6,2,0.786,214.0287027768822,32.08981036659034,192.23346512295794,31.83375072238578,209.5101329084686,0.9788880191778574,5.517377583076961,4.647879696189079,0.6945,0.6994999999999999,0.004999999999999893
robert_seed_2_nrows_2000_nclasse,openml_catalog,2000,100,10,0.256,2466.2863640785217,167.52751420575933,1801.6298654079437,114.56731063192169,2411.48344707489,0.9777791752807636,5.9839765141046515,5.7528428240879865,0.174,0.201,0.027000000000000024
timing_attack_dataset_20_micro_s,openml_catalog,9999,124,11,0.0948,292.11506774871555,38.61796461949855,242.76778624791484,31.80546456698883,219.67824310749,0.7520264011045898,5.8606003027699325,4.7876400775677155,0.0895,0.08900000000000001,-0.0004999999999999866
micro_mass_seed_2_nrows_2000_ncl,openml_catalog,571,100,20,0.6223776223776224,922.046802082865,17.003505897333774,748.7274510679587,9.976461219592297,901.2781474398257,0.9774754875824917,5.438308869167892,2.8246914164658454,0.363,0.4485,0.08550000000000002
CreditCardSubset,openml_catalog,1023,30,2,0.99609375,536.977175718846,71.73174141486408,364.63408863451355,48.06339572300171,421.00805159911073,0.7840334201086135,5.815395845595837,5.42150523277106,0.9865,0.986,-0.000500000000000056
pol_seed_0_nrows_2000_nclasses_1,openml_catalog,2000,26,2,0.956,163.92052795290311,33.14790961714933,136.4253906732049,23.918236925871195,144.77178800708037,0.8831827826266856,5.658267618939066,4.367375188752824,0.851,0.9105000000000001,0.05950000000000011
Accidents_Prediction_Dataset_Pip,openml_catalog,500,2,2,0.872,87.76597049463352,16.342662923776423,81.95629904170221,15.779797734301248,88.24922376402274,1.0055061576447648,5.504779715900284,4.38155036989815,0.7709999999999999,0.7705,-0.0004999999999999449
volkert_seed_1_nrows_2000_nclass,openml_catalog,2000,100,10,0.462,1295.7709956359413,147.98030106202702,985.4606413707176,101.63513115913543,1358.3409680967882,1.0482878322416367,5.939554750388158,5.308535244394192,0.3735,0.3710000000000001,-0.002499999999999891
oil_spill,openml_catalog,937,49,2,0.9617021276595744,632.6015860524396,47.3440466342054,446.6420823487613,28.203375585033257,390.07543930482404,0.6166210264172317,5.793427307743167,5.007842037022327,0.95,0.9530000000000001,0.0030000000000001137
analcatdata_draft,openml_catalog,366,2,2,0.9130434782608695,123.82225017671057,21.419605643766896,110.7205715093124,19.538620212567317,132.9649341425874,1.0738371653949836,5.799166810888059,4.025482901960177,0.8442622950819673,0.8486338797814208,0.0043715846994535346
kdd_ipums_la_97_small_seed_0_nro,openml_catalog,2000,20,2,0.818,272.2145241333692,44.7535933413282,195.1523084151499,27.174245650139184,285.2821236077758,1.0480047841532667,5.815304690104023,4.918853204864554,0.7405000000000002,0.7445,0.0039999999999998925
nomao_seed_4_nrows_2000_nclasses,openml_catalog,1571,74,2,0.9389312977099237,618.5212579125072,56.299330137705375,535.843540719029,43.32862774438399,546.1806451466506,0.8830426410726703,5.7508075693498135,4.639676498478552,0.8270000000000002,0.89,0.06299999999999983
leaf,openml_catalog,340,15,30,0.6470588235294118,174.6825650888711,36.665246240019044,154.32284968349907,31.658404082782177,223.8185629798767,1.2812873618269076,5.74112306749775,4.759721032700831,0.4741176470588236,0.5347058823529413,0.060588235294117665
Tour_and_Travels_Customer_Churn_,openml_catalog,954,2,2,0.7866108786610879,64.61469101176209,9.750589533898722,63.97976515408106,10.327222149677443,60.09205158607241,0.9300060194535883,3.9701545702991785,3.3807019388779302,0.7305000000000001,0.7145,-0.016000000000000125
timing_attack_dataset_1_micro_se,openml_catalog,9995,124,11,0.0976390556222489,270.7018908110405,42.00576615418476,210.19526574638343,31.451668919085584,257.1236745346655,0.9498407039725736,5.868946474306016,4.882636060165979,0.08850000000000001,0.08349999999999999,-0.005000000000000018
darwin,openml_catalog,174,450,2,0.7954545454545454,3249.7935717967944,38.207256352537314,3249.7935717967944,38.207256352537314,3266.9754492374877,1.0052870673355396,5.129811995867586,2.876303069324146,0.6977011494252873,0.9252873563218391,0.22758620689655185
houses,openml_catalog,2000,8,2,0.97,470.3653992543858,65.60957092563078,373.5407723707011,45.339882905877815,366.52682527682555,0.7792384938557063,5.8874364013586895,5.033028611348411,0.925,0.937,0.01200000000000001
fri_c4_250_10,openml_catalog,250,10,2,0.6984126984126984,374.99608355760574,113.80689262710325,374.99608355760574,113.80689262710325,326.0550329685211,0.8694891687273677,5.500490986658417,5.029851786382768,0.6304,0.6376000000000002,0.007200000000000206
yeast_seed_0_nrows_2000_nclasses,openml_catalog,1484,8,10,0.6415094339622641,360.68425332219095,64.59382037980657,302.764945850388,54.78740800945347,439.8199832573208,1.2194044491996154,5.834189781136281,5.2448207039414,0.4875,0.493,0.005500000000000005
FOREX_nzdusd_hour_High,openml_catalog,2000,10,2,0.654,267.9880965919501,28.327717120754315,209.08149138364206,22.109791787031206,161.65759837207457,0.6032267866666525,5.753385497940194,4.056343872096991,0.51,0.5175,0.007499999999999951
lungcancer_GSE31210,openml_catalog,226,21,2,0.8421052631578947,323.09703415673135,52.498443831664396,323.09703415673135,52.498443831664396,244.52467987639906,0.756814993720377,5.380114887063643,4.82154191174024,0.7991150442477876,0.8212389380530973,0.02212389380530977
Satellite_seed_0_nrows_2000_ncla,openml_catalog,1029,36,2,0.9883720930232558,274.8675583882427,25.04444181995028,214.18104221470654,22.09062187527402,248.55103435721244,0.9042574387994566,5.91683628011491,4.6987298646499145,0.9715,0.9710000000000001,-0.0004999999999999449
fri_c2_500_5,openml_catalog,500,5,2,0.936,475.87939118524594,104.82502364531004,377.5756142366171,70.88486151314876,398.0425256128584,0.8364357292747567,5.9589622898776256,5.130057758341993,0.8170000000000001,0.8369999999999999,0.019999999999999796
PizzaCutter3,openml_catalog,1043,37,2,0.8888888888888888,243.661168006692,35.335499975826366,187.1638131616112,28.679395039062367,196.2694388817238,0.805501510508779,5.708115126193648,5.093883182314757,0.8205,0.8255000000000001,0.0050000000000001155
FOREX_eurhuf_hour_Close,openml_catalog,2000,10,2,0.602,171.31922158802286,17.52241567857635,137.35123858447264,11.4244397156147,138.38712340608987,0.8077734776245603,5.61394975769543,3.6480469609205457,0.539,0.545,0.006000000000000005
timing_attack_dataset_35_micro_s,openml_catalog,9998,124,11,0.1228,287.3714344253387,36.38977491829769,234.25225979718277,31.89611430986109,248.77984651092655,0.8657083366981677,5.861651399270292,4.823546344470497,0.09850000000000002,0.09300000000000001,-0.005500000000000005
fri_c1_250_10,openml_catalog,250,10,2,0.6666666666666666,524.7790400981903,156.4608399018489,524.7790400981903,156.4608399018489,476.6017211675644,0.9081950397226011,5.50730437781573,5.342205214343677,0.644,0.6648,0.02079999999999993
depression_2020,openml_catalog,1238,20,2,0.7483870967741936,270.95291202489494,63.18587172271941,184.11893606363373,50.45605280753079,294.5806882325166,1.087202518072405,5.805962063869593,5.249330834227122,0.695,0.6945,-0.0004999999999999449
allrep,openml_catalog,1124,6,4,0.8861209964412812,323.79677036440523,53.109816706131454,257.56490213699453,37.54069114696011,323.9123401783497,1.0003569208359133,5.865892392471958,4.7293488740467815,0.865,0.8795000000000001,0.014500000000000068
FOREX_eurjpy_hour_Close,openml_catalog,2000,10,2,0.512,139.6812110886132,18.718549107880076,117.21093386719105,14.60537086467616,161.95690154407663,1.1594752098858294,5.778445743705394,4.086607231227453,0.495,0.5075,0.012499999999999956
volcanoes_e3,openml_catalog,1107,3,5,0.9061371841155235,278.8629420184627,52.78713258060321,229.0596905221157,45.281518189776115,265.51060787753846,0.9521186499565789,5.875552367278339,4.722025982355394,0.8194999999999999,0.821,0.0015000000000000568
GTSRB_HueHist,openml_catalog,30639,256,43,0.41906005221932113,5490.638053142171,133.38494039508885,4294.25464285133,79.17052167818119,4097.204428132347,0.7462164485214259,5.925693685468822,3.993928206211982,0.10100000000000002,0.1215,0.020499999999999977
timing_attack_dataset_2_micro_se,openml_catalog,9995,124,11,0.0940376150460184,250.26744870090587,48.04715095276998,202.4450345355957,33.67516174089095,225.00013389580178,0.8990387486016969,5.893236661703231,5.022342182933013,0.0785,0.08199999999999999,0.0034999999999999892
Satellite_seed_3_nrows_2000_ncla,openml_catalog,1029,36,2,0.9922480620155039,294.06490126329595,22.52136351533567,213.76857575515788,23.223966054008145,288.932013926285,0.982545052758897,5.908737410346974,4.614081249162412,0.978,0.9795,0.0015000000000000568
covertype_seed_0_nrows_2000_ncla,openml_catalog,2000,10,2,0.766,389.4536350240753,85.71485178124581,302.7533847294804,55.22683473196052,399.9835272733496,1.0270376016611664,5.9248988942708,5.2903184289296785,0.6525,0.6509999999999999,-0.0015000000000000568
PieChart3,openml_catalog,1077,37,2,0.8666666666666667,259.6989017761323,31.307501436405865,166.51150496426467,28.413568905610774,182.48342456509977,0.7026730699169671,5.5311931307220314,5.077864135771037,0.8604999999999999,0.8640000000000001,0.0035000000000001696
compass_seed_3_nrows_2000_nclass,openml_catalog,2000,8,2,0.672,235.0641664664438,30.42042494181805,204.74241861562382,24.14660464880845,236.80788645057748,1.0074180595466584,5.348947433570125,4.610111051355104,0.578,0.5770000000000001,-0.0009999999999998899
FOREX_audjpy_day_Close,openml_catalog,1832,10,2,0.5218340611353712,247.1145828574095,28.90128589256649,205.13924976655903,20.033239015209624,194.77750236202215,0.7882072361322886,5.7994820419677025,3.935303621563608,0.5045000000000001,0.5045000000000001,0.0
doa_bwin,openml_catalog,530,11,2,0.6165413533834586,373.6588141444273,53.839602828918565,289.4100925970919,33.2770566001251,326.6729236682484,0.8742545640633066,5.745690930273296,5.172045754681783,0.5690000000000001,0.5725,0.0034999999999999476
diggle_table_a2,openml_catalog,310,7,2,1.0,112.27866447386562,8.251169561227563,111.2414444462521,8.204477528690498,116.05587438912433,1.033641386214902,5.495893589848933,2.243799847272304,0.9670967741935482,0.9729032258064517,0.005806451612903496
kdd_ipums_la_97_small,openml_catalog,2000,20,2,0.838,215.81134392149562,34.52234917127815,162.95847756347405,31.36907440126982,271.71415795381296,1.259035567901624,5.8103684621907234,4.739192414652084,0.7284999999999999,0.7404999999999999,0.01200000000000001
fri_c0_250_5,openml_catalog,250,5,2,0.8412698412698413,461.9537984818613,119.68651012940934,461.9537984818613,119.68651012940934,352.4112267618985,0.7628711527430724,5.486738311973352,4.971601177235127,0.7664,0.7752,0.00880000000000003
FOREX_cadchf_hour_High,openml_catalog,2000,10,2,0.604,137.07543884428446,14.734506908363908,120.19687770053955,14.793236028593247,93.08945687557501,0.6791111351561906,5.734846922822124,4.045744094069261,0.5185,0.5115000000000001,-0.006999999999999895
ilpd,openml_catalog,583,9,2,0.7054794520547946,319.64581549231065,40.0703144571409,265.9700380718237,25.42463502597755,300.10082383601724,0.9388542233027807,5.710736762395165,4.908886333750945,0.6430000000000001,0.6405000000000001,-0.0025000000000000577
first_order_theorem_proving,openml_catalog,4475,51,6,0.4539767649687221,454.1838992311457,29.036042825589,362.4609773707398,19.406342262620754,272.4393852626671,0.5998437763290587,5.32356735311191,3.8834831394229874,0.29350000000000004,0.3085,0.014999999999999958
ada_seed_1_nrows_2000_nclasses_1,openml_catalog,1496,48,2,0.786096256684492,495.9949116030579,178.60804653554115,420.4094111367223,122.81533752035921,441.3763953031839,0.889880893891942,5.776846124379258,5.291720858175108,0.6990000000000001,0.7170000000000001,0.018000000000000016
airlines,openml_catalog,2000,2,2,0.57,127.89529559582267,21.48762206551511,116.30238106101118,19.354419915659854,126.00313387335368,0.9852053845010168,5.6961037012010625,4.006109484804025,0.489,0.5,0.01100000000000001
aztrees4,openml_catalog,1674,21,2,0.9832935560859188,112.56624670358838,17.759017117460843,112.24981076636077,12.642378044258393,180.544456388856,1.6038951433129787,5.483233972347179,3.971294522072057,0.9145,0.9505000000000001,0.03600000000000014
wilt_seed_3_nrows_2000_nclasses_,openml_catalog,1108,5,2,0.9747292418772563,339.8963329746107,45.23344796479468,309.22590061006997,40.45194214062316,336.12158411813976,0.9888944113534968,5.826000861486611,4.907406312992726,0.8825,0.9269999999999999,0.044499999999999984
riccardo_seed_2_nrows_2000_nclas,openml_catalog,1500,100,2,0.856,2237.6611732551955,81.36030681016376,1765.748831052747,63.3368234192375,2077.3496543191277,0.9283575543732309,5.9263673003275485,4.552648664039916,0.589,0.6779999999999999,0.08899999999999997
MiniBooNE_seed_0_nrows_2000_ncla,openml_catalog,2000,50,2,0.882,334.58732315516284,45.636034658606725,284.5035169886485,28.64171101399159,241.54136116895262,0.7219082865758762,4.864552255975708,5.042202961388156,0.8029999999999999,0.825,0.02200000000000002
autos,openml_catalog,205,15,2,0.5769230769230769,146.9170986741058,14.871289589261599,146.9170986741058,14.871289589261599,124.12689680654432,0.8448771308905635,4.97538240981011,3.620431521236692,0.715121951219512,0.7453658536585367,0.03024390243902464
pol_seed_1_nrows_2000_nclasses_1,openml_catalog,2000,26,2,0.964,191.8920822592505,33.88186274520119,149.77191172634846,26.55441455191044,121.62656616200178,0.6338279554321662,5.678936711482016,4.184307354699167,0.8205,0.8710000000000001,0.0505000000000001
Employee,openml_catalog,2000,3,2,0.61,230.30535842344634,66.06573154551045,203.65857848158947,56.02891089493569,211.497887469065,0.9183368069109302,5.213509415915401,4.687681489937763,0.5315000000000001,0.5275,-0.004000000000000115
qsar_biodeg_seed_1_nrows_2000_nc,openml_catalog,1055,41,2,0.8825757575757576,312.9328012805606,42.97708079631087,289.87552459948375,33.30774109614624,297.0600944593555,0.94927758689325,5.808823074116271,4.882036260958662,0.787,0.809,0.02200000000000002
electricity_seed_4_nrows_2000_nc,openml_catalog,2000,7,2,0.798,361.70865591312884,53.542806128174426,282.7509521637154,43.25650511569989,402.6149268649228,1.1130917667660636,5.571968204145469,4.9325241309697905,0.7075,0.7094999999999999,0.0019999999999998908
climate_model_simulation_crashes,openml_catalog,540,18,2,0.9185185185185185,599.7636891357005,220.59548168809707,464.85376165423094,159.09317359434826,517.8816368579865,0.8634761427526373,5.984614069667025,6.412422402267158,0.8869999999999999,0.91,0.02300000000000013
FOREX_audchf_day_Close,openml_catalog,1833,10,2,0.49019607843137253,208.11347758630916,22.189247159942227,162.77954420076583,18.560175737802524,179.97702587065345,0.8648023566662716,5.7246300157737515,3.9830217073723686,0.4975,0.48300000000000004,-0.014499999999999957
fri_c1_1000_50,openml_catalog,1000,50,2,0.588,1946.0275641679764,409.4002384228115,1445.1392823457718,257.9447329800126,1925.1312561035156,0.9892620698446299,5.987916959793035,6.8027817548505745,0.5579999999999999,0.6125,0.054500000000000104
letter,openml_catalog,1813,16,2,0.986784140969163,516.7453238423836,62.5561563940063,406.0996792306218,47.34795013938698,241.4286982683691,0.4672102235452624,5.877047401338558,5.013147949186493,0.878,0.9189999999999999,0.040999999999999925
Touch2,openml_catalog,265,10,8,0.7761194029850746,237.9250170448867,33.41237782539268,237.9250170448867,33.41237782539268,281.2325457055486,1.182021752897433,5.321212232116546,4.406206785882828,0.6875471698113207,0.7313207547169812,0.04377358490566052
dataset_credit_risk_file_2,openml_catalog,4000,61,4,0.898,954.8231148269308,108.714772612542,766.9714933613602,72.4407644854967,723.3279329697395,0.7575517619311598,5.825790306121961,5.328891474518052,0.4665000000000001,0.6765000000000001,0.21000000000000002
parkinsons,openml_catalog,195,22,2,0.9591836734693877,184.72771226566158,24.842579969029792,184.72771226566158,24.842579969029792,130.36526263004362,0.7057157858511345,5.156815410591835,4.097998191491449,0.8861538461538462,0.916923076923077,0.03076923076923077
FOREX_audcad_hour_High,openml_catalog,2000,10,2,0.674,261.4078529726722,28.453289404840096,210.5309443781246,18.563171099066807,155.191349095916,0.5936751606010086,5.753001669737684,4.0264185255515645,0.5125,0.555,0.04250000000000009
Run_or_walk_information,openml_catalog,2000,6,2,0.944,309.0542815725188,25.736053895600506,238.60260865041965,23.797120607113044,265.5083268998844,0.8590993321591747,5.494703935008968,4.1971196690349615,0.795,0.8109999999999999,0.015999999999999903
heart_h,openml_catalog,294,13,5,0.6621621621621622,373.2957533207541,46.60211476782867,373.2957533207541,46.60211476782867,310.6418311025967,0.8321600991685484,5.4666109261594436,4.86553558422759,0.592517006802721,0.6,0.007482993197278964
phoneme_seed_0_nrows_2000_nclass,openml_catalog,2000,5,2,0.868,378.6720383584865,43.27195168582742,301.2506353181061,40.83785003849481,290.72705520614454,0.7677542193673013,5.861226663567623,4.6576466438912245,0.7425,0.7475,0.0050000000000000044
blood_transfusion_service_center,openml_catalog,748,4,2,0.8074866310160428,190.34772731302948,29.927229261984838,155.01485639346618,20.745396489606602,204.27393225421127,1.0731619186515422,5.38222466157189,4.408544160190537,0.6925,0.6919999999999998,-0.000500000000000167
electricity_seed_2_nrows_2000_nc,openml_catalog,2000,7,2,0.748,380.72234037604903,59.41534934408396,342.97284075773575,44.204226445940805,315.9263837537177,0.8298078422234673,5.818447999945937,4.952210264258174,0.693,0.69,-0.0030000000000000027
dilbert_seed_2_nrows_2000_nclass,openml_catalog,2000,100,5,0.872,2136.5711710317246,126.53941139033105,1654.836688625044,96.07719234649673,1637.9689277913237,0.7666343859729082,5.965579055876049,5.044532557037996,0.5630000000000001,0.715,0.1519999999999999
credit_g_copy,openml_catalog,1000,7,2,0.688,358.5506145917585,77.91305266179701,283.75729474896684,64.85090943637847,379.82738159243,1.059341041779825,5.823402472794014,5.412423217043505,0.62,0.6285,0.008499999999999952
cholesterol,openml_catalog,303,6,2,0.5526315789473685,412.05250965576056,57.12899224021728,405.6045247633556,56.72958605707833,427.5860005756266,1.0376978432502282,5.591789375322934,4.876982251695002,0.5128712871287128,0.502970297029703,-0.009900990099009799
timing_attack_dataset_4_micro_se,openml_catalog,9993,124,11,0.08803521408563425,223.60491625036084,37.736825110235614,170.22923580116745,31.535442165709362,243.25738333040124,1.087889244161503,5.822141702539643,5.010667846322765,0.09449999999999999,0.102,0.007500000000000007
SDSS17,openml_catalog,3000,9,3,0.9413333333333334,360.2827072720627,87.2536487619136,295.12358147775706,66.92889791246895,410.04659930594914,1.1381245644862659,5.93232166401768,5.218604976096905,0.6805,0.7515000000000001,0.07100000000000006
total_score,openml_catalog,719,10,4,0.6111111111111112,454.4250496234438,53.12077883315084,340.7721187363326,34.50258536975264,450.45597359653004,0.9912657191098891,5.583715342379994,5.214204842831009,0.544,0.5525,0.008499999999999952
Give_Me_Some_Credit_Sampled_Prep,openml_catalog,2000,10,2,0.69,294.5632085643764,48.40178117524151,230.70564612244885,40.49241603974855,274.8353548662858,0.9330267558048442,5.63959969981966,5.08621002901878,0.5345,0.5265,-0.008000000000000007
kdd_ipums_la_97_small_seed_1_nro,openml_catalog,2000,20,2,0.832,281.46348614201264,36.67682340636405,204.6835073063363,28.21550157701303,245.79330250942002,0.8732688771765045,5.805512243088164,4.793068775741995,0.741,0.7585000000000001,0.01750000000000007
user_knowledge,openml_catalog,403,5,5,0.900990099009901,637.8764681967704,140.68907324044648,516.2034105339816,104.27521366860597,518.7828886340317,0.8132967972632579,5.942483436497056,5.316576439993237,0.7165,0.8005,0.08399999999999996
FOREX_audsgd_day_Close,openml_catalog,1832,10,2,0.4978165938864629,197.98678538926603,17.80642199298148,154.38577800547318,14.766091203216812,214.59612077842303,1.0838911312010093,5.8104696025761315,3.927711713118249,0.48950000000000005,0.49700000000000005,0.007500000000000007
qsar_biodeg_seed_4_nrows_2000_nc,openml_catalog,1055,41,2,0.8825757575757576,312.9328012805606,42.97708079631087,289.87552459948375,33.30774109614624,297.0600944593555,0.94927758689325,5.808823074116271,4.882036260958662,0.787,0.809,0.02200000000000002
tecator,openml_catalog,240,124,2,0.9166666666666666,385.63676301160046,27.36245834151115,385.63676301160046,27.36245834151115,214.40111976837596,0.5559664957615218,5.225282773210015,3.901230768790651,0.8325,0.935,0.10250000000000004
nomao,openml_catalog,2000,89,2,0.932,778.050625317909,65.96966264323758,612.2675272196159,56.73192458755807,1288.5739685120102,1.656156973057509,5.620227837953765,4.841364847587533,0.8425,0.8734999999999999,0.030999999999999917
Is_this_a_good_customer,openml_catalog,1196,5,2,0.8327759197324415,393.96045228611894,69.98464934811253,313.1035085857458,53.67386654800341,395.2071667244904,1.0031645674867538,5.813024759686131,5.10888674024153,0.6835,0.679,-0.0044999999999999485
segment_seed_2_nrows_2000_nclass,openml_catalog,2000,16,7,0.898,179.05077156716018,19.435475607998065,136.15962986584265,17.015187922292228,230.0802333069052,1.2849999544436723,5.378058942058583,3.942581928340467,0.8009999999999999,0.8230000000000001,0.02200000000000013
FOREX_eurgbp_hour_High,openml_catalog,2000,10,2,0.64,275.20635826019713,30.838219553320187,223.65388193940237,24.0454329746635,150.37017519116358,0.5463906289875552,5.812627347427311,4.208706946277412,0.491,0.5155000000000001,0.024500000000000077
ozone_level_8hr_seed_1_nrows_200,openml_catalog,1126,72,2,0.8687943262411347,1004.6708121788496,127.45717662538658,738.1908899114985,87.33526828633973,849.4257612136262,0.8454766983540207,5.952676757455336,5.254074289583765,0.8825,0.8995000000000001,0.017000000000000126
GesturePhaseSegmentationProcesse,openml_catalog,2000,32,5,0.514,448.0769211061013,26.59962562043315,327.22383442049,15.919845100880377,395.53051439143707,0.882729048876361,5.605987542293761,4.0781852321102665,0.3575,0.3565,-0.0010000000000000009
bank_marketing_seed_1_nrows_2000,openml_catalog,2000,7,2,0.8,369.3617766794519,54.33403587984586,286.93776602487435,45.08233324516831,370.5766378824583,1.0032890820862082,5.815749051437889,5.042206433929094,0.644,0.6485,0.0044999999999999485
FOREX_eurcad_hour_High,openml_catalog,2000,10,2,0.656,263.0174361607448,23.123931640957835,218.6419985731073,19.928555181224063,145.44975122562838,0.5530042165597562,5.772003071736766,4.036230823582581,0.48650000000000004,0.49349999999999994,0.006999999999999895
timing_attack_dataset_30_micro_s,openml_catalog,11000,124,11,0.11309090909090909,246.4127364398534,41.58304074433863,184.07413002335164,34.08149215631673,346.61082743756265,1.4066270779885863,5.120892244936513,5.073969070589087,0.083,0.07949999999999999,-0.003500000000000017
fri_c4_500_50,openml_catalog,500,50,2,0.552,1966.046386063099,348.0101748831843,1474.9347310066223,222.80170025469192,1881.1642969846725,0.9568259987759505,5.987680531417834,6.670661814196405,0.5375,0.608,0.07050000000000001
thoracic_surgery,openml_catalog,470,3,2,0.847457627118644,155.46603154557903,21.310502199093513,141.8927805524439,14.568151823923364,173.6634975269673,1.117051074118742,5.489032516181352,4.103737362975294,0.7509999999999999,0.7519999999999999,0.0010000000000000009
chatfield_4,openml_catalog,235,12,2,0.8305084745762712,397.93490595574235,40.0365456138444,397.93490595574235,40.0365456138444,302.34279210622856,0.7597795206732998,5.338742502933598,4.3338641352364995,0.8374468085106384,0.8408510638297874,0.0034042553191490077
cnae_9_seed_2_nrows_2000_nclasse,openml_catalog,1080,100,9,0.43703703703703706,677.9352675027806,31.778311040947024,661.6630910345227,25.29081986889446,632.9631306424499,0.9336630810991903,4.356097577875905,3.2553113104137568,0.345,0.382,0.03700000000000003
fri_c0_500_25,openml_catalog,500,25,2,0.776,895.1593154668808,299.3705618776521,682.1405000686646,227.53063413265858,732.9998590946198,0.8188484959376366,5.986457901275033,6.5050881468243835,0.593,0.6785,0.08550000000000002
jasmine,openml_catalog,2000,8,2,0.804,208.23769227105845,23.514261901601408,186.01408364491954,19.38361135843875,263.2371154539873,1.2641184820245575,5.559397432200618,4.80107899454379,0.6905,0.6940000000000001,0.0035000000000000586
BNG(cmc),openml_catalog,3000,2,3,0.5213333333333333,112.85647515686611,16.48949653761602,94.57798036712994,10.950533340089054,110.07509689065151,0.975354730312562,5.580986428783599,3.736281263800522,0.42,0.42100000000000004,0.0010000000000000564
sylvine_seed_2_nrows_2000_nclass,openml_catalog,2000,20,2,0.9,528.6500971317291,102.90301218262721,367.5519858598709,78.32291968543214,191.70983028411865,0.3626403008800514,5.972378921090511,5.821023971628172,0.6615000000000001,0.7325,0.07099999999999995
adult_seed_0_nrows_2000_nclasses,openml_catalog,1479,6,2,0.7432432432432432,344.46404988459557,40.93097843544914,311.25415342183584,30.261244822227454,287.8481163576602,0.8356405159089805,5.699777023175043,4.747974490118626,0.6575,0.6615000000000001,0.004000000000000115
mfeat_factors_seed_2_nrows_2000_,openml_catalog,2000,100,10,0.976,1655.3218333666828,126.77035302974997,1289.4360608841027,99.73631758594405,1494.7093845459754,0.9029720713016604,5.96354286697361,5.055825140946897,0.8835,0.9545,0.07100000000000006
yeast_seed_2_nrows_2000_nclasses,openml_catalog,1484,8,10,0.6415094339622641,360.68425332219095,64.59382037980657,302.764945850388,54.78740800945347,439.8199832573208,1.2194044491996154,5.834189781136281,5.2448207039414,0.4875,0.493,0.005500000000000005
wilt_seed_0_nrows_2000_nclasses_,openml_catalog,1108,5,2,0.9747292418772563,335.4610564801491,56.46064137095721,292.29825989035317,39.1208528656545,325.8583967114947,0.9713747405752219,5.8612474057205635,4.914484635152702,0.902,0.9434999999999999,0.04149999999999987
fri_c0_1000_5,openml_catalog,1000,5,2,0.908,577.8822518834195,165.76470719524815,457.96091280220486,122.99257512653597,449.5101263063346,0.7778576428698102,5.960394628445128,5.401814448035701,0.784,0.79,0.006000000000000005
thyroid_ann,openml_catalog,1284,21,3,0.9439252336448598,196.3257926546301,49.598196349582494,146.59586098339665,32.23504558496114,173.170505962512,0.8820568281985642,5.57004245066053,4.756137216162219,0.784,0.8235000000000001,0.03950000000000009
German_Credit_Data_Creditability,openml_catalog,1000,3,2,0.708,262.1704065297037,39.59960670476478,233.56155461804212,32.792206515375824,256.3499749599963,0.977799051972527,5.6789971498590885,4.617420203540242,0.618,0.6075,-0.010499999999999954
fri_c2_1000_5,openml_catalog,1000,5,2,0.96,471.9717676003524,97.23029363236722,379.1054200606452,80.25048673320745,404.6592185017147,0.8573801364414759,5.95692255178992,5.13861402234076,0.8440000000000001,0.8680000000000001,0.02400000000000002
kick_starter_funding,openml_catalog,2000,3,2,0.552,152.0199966469708,12.556131228744578,108.92176594369383,9.704567428619743,124.3164570070988,0.8177638452117145,4.917217627618244,3.2185322719612945,0.5215,0.5245000000000001,0.0030000000000001137
qsar_biodeg_seed_0_nrows_2000_nc,openml_catalog,1055,41,2,0.8825757575757576,312.9328012805606,42.97708079631087,289.87552459948375,33.30774109614624,297.0600944593555,0.94927758689325,5.808823074116271,4.882036260958662,0.787,0.809,0.02200000000000002
Higgs_seed_4_nrows_2000_nclasses,openml_catalog,2000,24,2,0.578,162.3296456336975,72.08124707990851,139.91177785396576,70.97520704957007,170.08254086971283,1.0477601931905278,5.962583380430878,5.900822378792599,0.5555,0.5609999999999999,0.005499999999999949
Credit_Card_Fraud,openml_catalog,1049,30,2,0.9847908745247148,409.22644090746707,62.53522894956067,322.7763796953828,40.32538446461342,315.9268210733538,0.7720097957814757,5.847922918329982,5.438062484796293,0.9854999999999999,0.9884999999999999,0.0030000000000000027
mozilla4,openml_catalog,2000,5,2,0.892,207.24458410320216,29.56209480584116,182.35647335980607,26.814783914266794,206.22257488833833,0.9950685842079477,5.570583618274279,4.425975810037266,0.746,0.7615000000000001,0.01550000000000007
sylvine_seed_4_nrows_2000_nclass,openml_catalog,2000,20,2,0.9,448.872038602829,110.86506224321596,342.67105877399445,64.88958164122991,180.46767807006836,0.4020470480446874,5.975323144367453,5.85550332423932,0.65,0.7380000000000001,0.08800000000000008
Fashion_MNIST_seed_1_nrows_2000_,openml_catalog,2000,100,10,0.73,1514.8410521056076,74.56790475224565,1171.1987801081077,67.91692716085944,1583.7680667287323,1.045501153092806,5.919177418024104,4.842952001486481,0.6135,0.7125,0.09899999999999998
FOREX_audnzd_hour_High,openml_catalog,2000,10,2,0.634,290.66372183133933,30.811934453929467,232.38120289350002,24.3169334715148,156.4803929232901,0.5383554299015324,5.72782112637602,4.10382205421432,0.488,0.49950000000000006,0.011500000000000066
FOREX_eursek_day_Close,openml_catalog,1837,10,2,0.532608695652174,189.91235342850476,19.37863689327608,152.0177051248888,13.23885405905761,225.59982463844813,1.1879154808293102,5.68309320179157,4.028919121322291,0.5150000000000001,0.509,-0.006000000000000116
Australian_seed_2_nrows_2000_ncl,openml_catalog,690,6,2,0.7687861271676301,572.8884622741489,88.78761783852163,478.48209232153647,69.85516165876975,615.5254695369233,1.0744246220172105,5.875395571654898,5.056336804131224,0.6884999999999999,0.6755,-0.0129999999999999
FOREX_eurjpy_hour_High,openml_catalog,2000,10,2,0.612,222.00101645268734,25.56318379077519,174.70858132895648,15.644613071600816,148.78303837464082,0.6701907980063205,5.718087000076765,4.154802327161972,0.47950000000000004,0.5145000000000001,0.03500000000000003
bank8FM,openml_catalog,2000,8,2,0.948,763.4956693308754,213.67403875465703,617.4914139319088,167.67432940357565,531.2713950616067,0.6958407446203471,5.9644414933253485,5.783512258322684,0.7495,0.8065000000000001,0.05700000000000005
FOREX_eurnzd_hour_High,openml_catalog,2000,10,2,0.692,347.55482825321917,39.480503193705076,264.4715711217026,25.53252992801321,175.87564195967502,0.5060371131761022,5.731720431121595,4.007533008860882,0.48100000000000004,0.511,0.02999999999999997
fri_c0_250_10,openml_catalog,250,10,2,0.8888888888888888,567.7184780836105,161.6351655708579,567.7184780836105,161.6351655708579,519.6984765529633,0.9154158207202564,5.507971002204985,5.392077739486588,0.6688,0.74,0.07120000000000004
Titanic,openml_catalog,1711,3,2,0.7616822429906542,51.50924432319363,3.6424496602433156,48.33679040052391,2.4468263877724565,44.812325361651496,0.8699860762949179,2.293551565192735,1.8749712798193814,0.648,0.642,-0.006000000000000005
fri_c0_250_50,openml_catalog,250,50,2,0.6825396825396826,1332.692350268364,189.20788337949972,1332.692350268364,189.20788337949972,1285.449189066887,0.9645505872439624,5.515995001108568,6.035006202542883,0.5912000000000001,0.7807999999999999,0.18959999999999988
kdd_ipums_la_97_small_seed_4_nro,openml_catalog,2000,20,2,0.828,270.5488253122586,37.522088325458114,221.45991752277365,29.928039288712213,262.90956404154014,0.9717638350050071,5.800577793150127,4.794544158972217,0.764,0.7654999999999998,0.0014999999999998348
chscase_census2,openml_catalog,400,7,2,0.48,652.2192485794703,120.91540257109472,509.06428389189614,89.39498645743733,666.5250772097661,1.0219340791634925,5.929966173278253,5.539987232990477,0.5035,0.502,-0.0014999999999999458
ilpd_numeric,openml_catalog,583,10,2,0.726027397260274,316.3820944886138,39.3420923050271,255.3339516803282,31.233862769354964,269.7292947713013,0.8525428571022009,5.731721548009755,4.945308536824054,0.623,0.626,0.0030000000000000027
autoUniv_au7_700,openml_catalog,700,8,3,0.4,753.0473251003633,227.37362768319156,569.7613507241286,153.74052882077854,701.8302504741464,0.9319869111554299,5.943602983196342,5.69432814198278,0.3945,0.40549999999999997,0.010999999999999954
fri_c0_500_10,openml_catalog,500,10,2,0.88,857.3865865048681,269.0486314024032,654.4598647038345,182.95983251349307,629.8266960382462,0.7345889310045441,5.97841640750749,6.017763268094754,0.6995,0.7120000000000001,0.012500000000000067
kdd_ipums_la_97_small_seed_2_nro,openml_catalog,2000,20,2,0.822,283.157436672069,37.20667598876736,222.72295526590096,30.840378482103826,260.7282756351691,0.9207890800944224,5.820775149083999,4.6781618704580294,0.7935,0.795,0.0015000000000000568
shuttle_seed_0_nrows_2000_nclass,openml_catalog,1428,9,5,0.9915966386554622,178.6915949362388,16.79654527496628,179.59038616936414,12.535699739477902,237.29102897168826,1.3279361519849833,4.814404555026584,4.115684704512626,0.9780000000000001,0.9790000000000001,0.0010000000000000009
jasmine_seed_2_nrows_2000_nclass,openml_catalog,2000,6,2,0.784,201.90756748644867,27.845861892247218,157.06299327497004,26.05013020657637,256.4742173918541,1.2702555955911248,5.5058590438349615,4.792664675487297,0.7465,0.7625,0.015999999999999903
glass_clean,openml_catalog,214,9,6,0.6481481481481481,219.24320994124463,13.954952389043084,219.24320994124463,13.954952389043084,163.89045913049267,0.7475280952801866,4.964847034365494,3.561274330403329,0.6280373831775703,0.6448598130841121,0.016822429906541814
student_lifestyle_dataset,openml_catalog,1971,6,3,0.9817444219066938,594.0111884277508,135.897187372269,472.9224387527391,106.44724854226192,451.73962746277317,0.760490098946542,5.958634180868364,5.210657851549933,0.7804999999999999,0.8375,0.05700000000000016
FOREX_eurrub_hour_High,openml_catalog,2000,10,2,0.718,232.2259618527887,14.355630587026312,80.92026622361935,9.903758840194293,116.68685578980623,0.5024711916739768,4.967803709449477,3.437408921779683,0.653,0.6459999999999999,-0.007000000000000117
micro_mass_seed_4_nrows_2000_ncl,openml_catalog,571,100,20,0.5804195804195804,857.2625945895627,15.707751960608347,717.4395375001561,14.204874206819799,812.596177586183,0.9478964586985568,5.321387499536336,2.9872043684366885,0.3440000000000001,0.419,0.0749999999999999
FOREX_eurusd_day_High,openml_catalog,1837,10,2,0.7086956521739131,337.06496400458457,27.69202414010274,261.4959430978129,22.982379378281145,152.96145407121125,0.45380407460305117,5.761994466948332,3.9544867889899997,0.508,0.601,0.09299999999999997
FOREX_eurtry_day_Close,openml_catalog,1832,10,2,0.4585152838427948,109.43462052989871,10.14429292246105,83.67330291739573,9.859915855936148,100.42781940571274,0.9176969675540181,5.536341670810728,3.466948130915283,0.502,0.49150000000000005,-0.010499999999999954
ozone_level_8hr_seed_2_nrows_200,openml_catalog,1126,72,2,0.8900709219858156,965.9645535227719,112.78837532227185,726.3487743097868,74.05213768200468,764.5697489799888,0.7915091151033263,5.9476776816035475,5.2788713865585795,0.8725,0.875,0.0024999999999999467
auto_price,openml_catalog,159,14,2,0.95,196.48645862282928,19.865210409968924,196.48645862282928,19.865210409968924,146.57269781732793,0.7459684440579459,4.701530291974041,3.195327026343835,0.9257861635220125,0.9345911949685536,0.0088050314465411
fri_c4_1000_50,openml_catalog,1000,50,2,0.596,1884.156853556633,366.7210664729463,1422.5963376760483,258.4529917234464,1870.8743743896484,0.992950438737671,5.987591992537293,6.731230906881173,0.5760000000000001,0.607,0.030999999999999917
timing_attack_dataset_10_micro_s,openml_catalog,9998,124,11,0.106,243.7003397983524,38.93294144314593,184.3894531933219,28.665810005855143,236.72434883646736,0.9713747179521487,5.864181011059135,5.077368027795058,0.08850000000000001,0.08900000000000001,0.0005000000000000004
fri_c4_1000_10,openml_catalog,1000,10,2,0.884,543.5449825969797,171.3220833437852,417.8013936281204,113.97544698067387,415.280798439594,0.7640228715854244,5.974682234027945,5.568373473595845,0.6925,0.7175,0.025000000000000022
MagicTelescope_seed_3_nrows_2000,openml_catalog,2000,10,2,0.82,395.1495824878265,63.43763894965953,295.9242435911963,35.862104004691105,424.7615822158194,1.0749387093909055,5.848775512875679,5.066513119394751,0.6845,0.7105000000000001,0.026000000000000134
fri_c3_250_5,openml_catalog,250,5,2,0.873015873015873,297.22947908391245,40.09349717901703,297.22947908391245,40.09349717901703,299.33753542270046,1.0070923528355438,5.478545940405148,4.333435616756749,0.7976,0.8015999999999999,0.0039999999999998925
phoneme_seed_1_nrows_2000_nclass,openml_catalog,2000,5,2,0.848,367.4467081611779,45.92682726392988,292.1995642076663,34.57940123801592,330.64100123850113,0.8998338912685748,5.858635991783872,4.544417438835241,0.7525,0.758,0.00550000000000006
algerian_forest_fires,openml_catalog,243,13,2,0.9508196721311475,338.68007315114164,51.74958600451121,338.68007315114164,51.74958600451121,250.27247417406156,0.738964273408472,5.416220467823413,4.557928946865268,0.8691358024691358,0.897119341563786,0.027983539094650234
airlines_seed_1_nrows_2000_nclas,openml_catalog,1891,3,2,0.5539112050739958,254.12739548376132,50.10566134443209,219.96172640828058,38.685514316989554,247.11139507849344,0.9723917982478352,5.865568613011205,4.61988675863128,0.5115000000000001,0.5175,0.005999999999999894
fri_c3_1000_5,openml_catalog,1000,5,2,0.928,329.5779407961009,60.780697419612,262.66822007248436,42.51353868576125,427.16729111314993,1.2961040113343762,5.9517282946242185,5.029624109222983,0.8525,0.8715,0.019000000000000017
machine_cpu,openml_catalog,209,6,2,0.9622641509433962,197.7272725205384,10.614355383431267,197.7272725205384,10.614355383431267,151.08982133140336,0.7641324305209808,4.739376509443538,3.9166801426450806,0.9062200956937799,0.8995215311004785,-0.006698564593301426
ozone_level_8hr_seed_3_nrows_200,openml_catalog,1126,72,2,0.8971631205673759,881.672266524956,110.79294598039338,664.1277156004949,78.54425366931642,761.1706707962722,0.8633260903128647,5.948653586751215,5.248420672127792,0.862,0.8775,0.015499999999999958
kdd_ipums_la_97_small_seed_3_nro,openml_catalog,2000,20,2,0.828,290.7297963075483,42.83641055520799,224.84253862618291,28.640427480420108,287.9355632163828,0.9903889001861726,5.814446937825624,4.8590190199196055,0.7655000000000001,0.7755000000000001,0.010000000000000009
fri_c4_1000_100,openml_catalog,1000,100,2,0.528,3747.4132395982742,365.53538449557766,2817.772828221321,246.16563105180373,3699.500982403755,0.9872145786623587,5.988395520486321,6.775100505178422,0.5385,0.6494999999999999,0.11099999999999988
timing_attack_dataset_15_micro_s,openml_catalog,9996,124,11,0.10204081632653061,291.6748990691191,41.05261468122221,216.17656883045936,33.565810087857614,243.9834502782528,0.8364910763899341,5.830824111636803,5.023306674198661,0.09050000000000001,0.08650000000000001,-0.0040000000000000036
pc4_seed_3_nrows_2000_nclasses_1,openml_catalog,1178,37,2,0.8847457627118644,170.3328174165592,32.486711078428286,186.4917412293333,21.504928200622928,132.18995608095838,0.7760686289693656,5.550807436276607,4.798044216569958,0.8315,0.8504999999999999,0.018999999999999906
fri_c2_1000_10,openml_catalog,1000,10,2,0.888,753.9162316918373,248.5704788190246,577.8388899141084,176.37457299811769,480.8802398443222,0.6378430648259098,5.976482837241544,5.93353096892548,0.6975,0.7539999999999999,0.056499999999999884
Loan_Approval_Status,openml_catalog,2000,13,2,0.842,368.34272764776995,142.19480372103283,276.62661870256517,90.1916096459201,348.52571633343985,0.9461995315045822,5.9472808002983815,5.686447017380763,0.7825,0.7765000000000001,-0.005999999999999894
FOREX_nzdusd_day_Close,openml_catalog,1828,10,2,0.4551422319474836,168.48736317169798,18.374023683641887,134.352559569474,15.001414836743283,202.96446206754052,1.2046272091083083,5.846050960059437,3.9605452107989056,0.524,0.5285,0.0044999999999999485
fri_c2_250_5,openml_catalog,250,5,2,0.9047619047619048,341.2524941274888,68.21688127430792,341.2524941274888,68.21688127430792,284.77713290810743,0.8345056455520508,5.482933973032544,4.607175626842761,0.7776,0.764,-0.013599999999999945
autoUniv_au6_400,openml_catalog,400,37,8,0.26,1193.97714138031,300.5449586918002,897.3767528533936,214.78072118829527,1200.8736009597778,1.0057760398758515,5.986192131701418,6.457961148233393,0.191,0.221,0.03
Satellite,openml_catalog,1075,36,2,0.9851301115241635,236.46380599969478,22.71327028467531,172.1796608010134,17.977099498515866,111.50980865955353,0.47157241755508855,5.918620406059261,4.578953056858445,0.9630000000000001,0.9675,0.0044999999999999485
national_longitudinal_survey_bin,openml_catalog,2000,9,2,0.99,764.4506008189544,110.73129768603343,576.8708685111503,90.20278879894623,393.8849961994746,0.5152523861940933,5.896793732187742,5.403317510463374,0.7115,0.8170000000000001,0.10550000000000004
FOREX_eurpln_hour_High,openml_catalog,2000,10,2,0.646,334.59073798321793,25.497807113924324,246.2746693159695,19.338293303294975,225.13109948841642,0.6728551449015553,5.511227052045718,3.8073478716425706,0.516,0.536,0.020000000000000018
phoneme_seed_3_nrows_2000_nclass,openml_catalog,2000,5,2,0.852,397.30094614195457,51.22699323279542,310.2062356873554,31.714919501855178,325.1960376795139,0.8185131216962223,5.8666325313871575,4.566068999566199,0.725,0.718,-0.007000000000000006
HR_Analytics_Job_Change_of_Data_,openml_catalog,2000,2,2,0.644,76.11880760760624,11.91085253090245,70.13911106752172,10.10081676235448,80.46591934545339,1.0571095616770112,5.269156507672266,2.851898492748991,0.594,0.6025,0.008500000000000063
Creditability_German_Credit_Data,openml_catalog,1000,20,2,0.752,317.95046153199405,74.57056653186004,261.54238164424896,56.02911729980232,273.26230557524855,0.8594493125079212,5.9569094686328,5.695170536379457,0.6725,0.6915,0.019000000000000017
mabbob_ela_as_5d_classify,openml_catalog,1120,45,4,0.6642857142857143,240.44769000262232,52.674128191854834,197.1361555781063,33.69763961885448,295.99833081538463,1.2310300457124643,5.891347363510762,4.985076754687222,0.48950000000000005,0.509,0.019499999999999962
Bioresponse,openml_catalog,2000,419,2,0.732,4176.867813628819,101.31595984847652,3016.9605127881223,72.17017018314482,3956.9156968163506,0.9473404171195505,5.833336866155948,4.6304777147166085,0.61,0.705,0.09499999999999997
timing_attack_dataset_256_micro_,openml_catalog,9997,124,11,0.1852,214.87773787352876,47.63373782119767,164.45292612451726,32.893311979444064,254.1370980697642,1.1827055728748523,5.875093720652544,5.116666331130392,0.121,0.15350000000000003,0.03250000000000003
cars1,openml_catalog,392,6,3,0.7244897959183674,324.63315844604887,43.779334391615976,260.5048266216389,32.6995370988657,333.4711584737857,1.0272245757951606,5.897675043224435,4.775009435025415,0.7066326530612245,0.7071428571428573,0.0005102040816328257
strikes,openml_catalog,625,6,2,0.8407643312101911,309.27732737102735,41.95806306320475,243.90669040795683,33.01775293214972,329.22280783023075,1.064490600163767,5.76832267656599,4.603137437174364,0.7505,0.765,0.014500000000000068
credit_g,openml_catalog,1000,7,2,0.688,346.8934845283729,81.58221731981025,291.3919945604185,67.89030525040923,358.21386235294597,1.032633584455943,5.8248251293727416,5.38668857010084,0.5740000000000001,0.5685000000000001,-0.005499999999999949
BNG(breast_w),openml_catalog,2000,9,2,0.976,400.1805828622471,89.69616201356479,301.484884082671,52.476849861121984,381.1890210561693,0.9525425205035117,5.678025984398991,5.141822798713104,0.9570000000000001,0.96,0.0029999999999998916
FOREX_eurusd_hour_Close,openml_catalog,2000,10,2,0.5,122.34185148102671,14.29287369104641,102.7276053499176,11.711968120305777,113.86730710788453,0.9307306185859346,5.69972558952861,3.897189851044011,0.49150000000000005,0.5010000000000001,0.009500000000000064
fabert_seed_1_nrows_2000_nclasse,openml_catalog,2000,100,7,0.284,1080.7459272731114,26.32392565794452,874.5409227593404,16.757005747207764,1064.474079442478,0.9849438730972692,5.320043370897329,2.4672979729645856,0.20400000000000001,0.24350000000000002,0.03950000000000001
shuttle_seed_2_nrows_2000_nclass,openml_catalog,1428,9,5,0.9915966386554622,252.67294142211944,18.742835110950594,199.36159265970514,16.12079582360193,238.41094123605353,0.9435554907233237,5.158543285080658,4.247493216632402,0.955,0.9614999999999999,0.00649999999999995
FOREX_eurcad_hour_Close,openml_catalog,2000,10,2,0.506,148.27363398874266,17.591236192417327,116.34721390165542,15.623018194695618,150.90854766351256,1.017770615070849,5.737801105876601,4.11307379677698,0.5065,0.4975,-0.008999999999999952
QSAR_Bioconcentration_classifica,openml_catalog,779,9,3,0.6512820512820513,313.59974813861595,47.01616324119324,266.0771816812047,37.037433633394556,280.0984785580436,0.8931718862039256,5.699411057408364,4.733585915745159,0.57,0.5675,-0.0024999999999999467
guillermo_seed_2_nrows_2000_ncla,openml_catalog,1800,100,2,0.5155555555555555,2073.666055816132,81.74169366925963,1592.4783739779527,51.386603336399425,2081.1554190997313,1.0036116535073685,5.911156623812495,4.630240197901346,0.5195000000000001,0.536,0.01649999999999996
heart_c,openml_catalog,303,6,2,0.7894736842105263,489.1360774774422,65.60746479378895,483.22711218419477,65.22219946435186,428.86442542764473,0.876779377304106,5.623703684927293,4.989293934660951,0.6924092409240924,0.691089108910891,-0.0013201320132013583
wine_quality_red,openml_catalog,1599,11,6,0.62,476.3393173496372,87.24702016018774,383.2561185818262,53.41558855637587,463.579793630308,0.973213372789961,5.877354582916839,5.146112294761676,0.505,0.5075,0.0024999999999999467
FOREX_eurhuf_day_Close,openml_catalog,1834,10,2,0.5185185185185185,279.0821354427352,30.638494540272127,228.56196718709464,22.857650296009638,247.0297714145063,0.8851507855299262,5.836588098313172,4.196600437423308,0.485,0.49700000000000005,0.012000000000000066
JapaneseVowels,openml_catalog,2000,14,2,0.99,462.395032542069,81.12623676066154,382.55660545073147,64.98809785753664,326.5578136903398,0.7062312324054419,5.948936241857394,5.323317950705976,0.9345,0.9405,0.006000000000000005
webdata_wXa,openml_catalog,2000,123,2,0.722,2123.2529232652482,229.88245352085082,1727.5809312837396,180.68357704046062,1991.8616349355398,0.9381179289146353,5.881335003617033,5.623493135464982,0.695,0.716,0.02100000000000002
jannis_seed_2_nrows_2000_nclasse,openml_catalog,2000,54,2,0.638,1419.025316918755,190.7441524735337,1073.7932319641113,138.16216058297164,1332.158326122604,0.9387840443997346,5.973823426763333,5.947586710432965,0.5894999999999999,0.6145,0.025000000000000133
online_shoppers_intention,openml_catalog,2000,10,2,0.838,295.52971427312457,29.45474063285876,217.06387728779225,24.452726896800783,323.78769757717424,1.0956180781128968,5.617498252293212,4.65621558707362,0.684,0.7020000000000001,0.018000000000000016
ozone_level_8hr,openml_catalog,1160,72,2,0.8931034482758621,951.4043396200519,109.62666859225229,732.8474004233518,82.40693429695125,801.2092725031091,0.8421332961578418,5.957243056055677,5.20041961180762,0.838,0.8605000000000002,0.022500000000000187
airlines_seed_4_nrows_2000_nclas,openml_catalog,1891,3,2,0.5771670190274841,239.9275887640793,44.425926417131066,213.7586970113657,35.32878884873314,252.2952441540805,1.0515474500190236,5.885426571503661,4.69089995403796,0.49450000000000005,0.49200000000000005,-0.0025000000000000022
qsar_biodeg,openml_catalog,1054,36,2,0.8636363636363636,296.72390244049075,33.763945444008264,257.8364275364248,26.235289016492516,224.39365922986065,0.756237220474221,5.788371940290798,4.869039967855127,0.767,0.8064999999999999,0.03949999999999987
FOREX_usdcad_hour_High,openml_catalog,2000,10,2,0.58,171.8192042264569,18.4105932255248,119.78578359612814,13.055123617345076,107.90718231479806,0.6280274827287462,5.65575735119838,4.0221404709725155,0.4955,0.5145000000000001,0.019000000000000072
pol,openml_catalog,2000,26,2,0.98,182.451993310523,29.15795372982214,158.449241056507,25.02694479844009,136.90523267168126,0.7503630417381973,5.696307322547413,4.250678326764149,0.853,0.9009999999999999,0.04799999999999993
insurance_company,openml_catalog,1586,23,2,0.672544080604534,120.29619288465796,40.809288930596274,103.91397115485397,30.211606648677098,121.4101087050606,1.0092597761715592,4.5807973233640515,4.585061138765031,0.5975,0.6094999999999999,0.0119999999999999
abalone,openml_catalog,3000,7,3,0.648,376.02927542773386,35.52045462682923,296.4153599156647,25.594411555276665,381.416760654996,1.0143273026312483,5.865677428808622,4.824760451929547,0.536,0.547,0.01100000000000001
MiniBooNE_seed_1_nrows_2000_ncla,openml_catalog,2000,50,2,0.896,262.815689976908,37.430343254335185,201.27134758273698,28.245377391565277,251.86516036610445,0.9583338056728435,4.869756479868932,5.052698581499605,0.7809999999999999,0.797,0.016000000000000125
credit_seed_2_nrows_2000_nclasse,openml_catalog,2000,10,2,0.642,265.19957360283905,46.226805273164146,256.80947648138647,37.23182710447152,336.7795956274028,1.269910019281409,5.583416349007906,5.212889621877312,0.5325,0.5365000000000001,0.004000000000000115
badges2,openml_catalog,294,7,2,0.6486486486486487,117.05562577689551,26.17984296955415,117.05562577689551,26.17984296955415,118.33208673197569,1.01090473820979,4.373294437615539,3.772026238059036,0.5884353741496599,0.5884353741496599,0.0
FOREX_eurdkk_day_High,openml_catalog,1836,10,2,0.6492374727668845,388.2950567890421,30.27286832213146,311.53863227782915,21.778753970206836,299.7103984636953,0.7718625133734983,5.81095743037784,3.7939486088969443,0.52,0.5619999999999999,0.041999999999999926
FOREX_eurchf_hour_Close,openml_catalog,2000,10,2,0.504,184.14930698246616,22.230018053037682,155.76344644952735,17.905292490953705,164.42259614985576,0.8928765404776208,5.583705512823572,3.72561237289643,0.48300000000000004,0.485,0.0019999999999999463
pwLinear,openml_catalog,200,10,2,0.88,497.43890857696533,157.25492440030257,497.43890857696533,157.25492440030257,409.93594241142273,0.8240930400561863,5.280516144196467,5.142253946204546,0.74,0.7959999999999999,0.05599999999999994
FOREX_eursgd_day_High,openml_catalog,1832,10,2,0.7117903930131004,384.9448561331611,41.761481398509936,298.665270677543,28.896963461768816,213.15439383717734,0.5537270869868239,5.848713646724175,3.9687856479323567,0.49349999999999994,0.5435,0.050000000000000044
mfeat_morphological,openml_catalog,1200,6,2,1.0,146.82110589876206,11.719064758037831,117.6125937415243,8.646469127531265,176.86336278144952,1.2046181078584342,5.560245334930697,4.195640786524793,0.995,0.996,0.0010000000000000009
Advanced_IoT_Dataset,openml_catalog,6000,12,6,1.0,65.83364434895165,3.491674758001075,63.36974512744405,3.136793433914156,63.12150622904336,0.958803159892948,4.159682271819671,2.2230192765509726,1.0,1.0,0.0
vehicleNorm,openml_catalog,2000,100,2,0.778,1614.8141120843131,35.11760279445633,1252.9888540468296,27.698484432363706,1609.5136023261573,0.9967175728038974,5.738638794640936,4.0755070569634615,0.6175,0.715,0.09749999999999992
Multiclass_Classification_for_Co,openml_catalog,5000,7,10,0.7136,674.9272651896939,108.57765757534236,544.4400369223963,85.68920129666785,538.8338628470823,0.7983584167334513,5.921955468529746,5.392949518771728,0.457,0.483,0.025999999999999968
heloc,openml_catalog,2000,23,2,0.688,205.10470801591867,41.6874899415739,158.57361423969263,32.890225984616954,245.61445267035802,1.1975076293777482,5.885571595524553,5.3510580211219425,0.6275000000000001,0.6295,0.0019999999999998908
FOREX_eurpln_day_High,openml_catalog,1832,10,2,0.7336244541484717,371.91844873666474,34.29704921592275,304.2586857289417,27.99181788442933,335.12188814404624,0.9010628251499507,5.8217578120305085,4.128911486615074,0.522,0.575,0.052999999999999936
Satellite_seed_1_nrows_2000_ncla,openml_catalog,1029,36,2,1.0,266.1550164322539,30.60210659672747,197.00460892180007,18.239666892771936,241.13032937012235,0.9059770227231422,5.903382142262354,4.490813546410194,0.9794999999999999,0.98,0.000500000000000056
gas_drift,openml_catalog,6000,128,6,0.9826666666666667,686.5406091517727,29.957386478720593,528.2169344403367,26.766331041553357,591.4975700797855,0.8615623929523794,5.580553712372623,4.067386851939089,0.8275,0.9594999999999999,0.1319999999999999
credit_g_seed_0_nrows_2000_nclas,openml_catalog,1000,7,2,0.688,358.5506145917585,77.91305266179701,283.75729474896684,64.85090943637847,379.82738159243,1.059341041779825,5.823402472794014,5.412423217043505,0.62,0.6285,0.008499999999999952
fri_c3_250_10,openml_catalog,250,10,2,0.7619047619047619,431.75408989191055,121.8407185837292,431.75408989191055,121.8407185837292,410.8370306491852,0.9515533037614955,5.50358881487799,5.232210182727275,0.6472,0.6688000000000001,0.021600000000000064
FOREX_audjpy_day_High,openml_catalog,1832,10,2,0.7248908296943232,328.9246779625545,30.268383169492495,272.49408279851184,21.29455626967432,234.64715103155055,0.7133765471323599,5.7833519458353475,3.947702646747643,0.521,0.564,0.04299999999999993
FOREX_cadjpy_hour_Close,openml_catalog,2000,10,2,0.49,151.30379119885484,19.99882362372837,132.41869387799107,15.177370969413417,142.7820790610237,0.9436781321187698,5.747086521277195,3.963037665623348,0.48400000000000004,0.4815,-0.0025000000000000577
wdbc,openml_catalog,569,30,2,0.9790209790209791,521.1480545065907,64.00420697136772,410.4463126580737,48.37176405556913,90.39572767105464,0.17345498441251775,5.892280885401527,5.31298269394193,0.9345,0.9595,0.025000000000000022
Pulsar_Dataset_HTRU2,openml_catalog,2000,8,2,0.944,215.96605873730633,28.029500354311267,171.70623951684246,26.85955685418341,300.50990773270536,1.3914682218571912,5.846734398010984,4.64451521978511,0.8595,0.8665,0.007000000000000006
kc2,openml_catalog,522,21,2,0.8091603053435115,196.01118430819383,16.83780780411245,164.20156222492508,13.198754464128385,324.1536185310596,1.6537506248693639,4.7982887700470105,4.130692516956459,0.7929999999999999,0.7829999999999999,-0.010000000000000009
FICO_HELOC_cleaned,openml_catalog,2000,21,2,0.644,128.24447095394135,50.56893519545133,85.59842264652252,32.21802510164229,128.0295033454895,0.9983237670454499,5.951723514653681,5.584926700086845,0.6729999999999998,0.664,-0.008999999999999786
Bank_Customer_Churn,openml_catalog,2000,6,2,0.726,423.1123949219397,96.0588969406748,353.41666477152427,86.23973278223859,428.624821798894,1.013028280294108,5.922120798487873,5.420428323008,0.6685000000000001,0.6729999999999999,0.0044999999999998375
coil2000_insurance_policies,openml_catalog,1586,80,2,0.6498740554156172,1127.9313611672742,93.699844661892,884.5831853682309,75.84689657549555,1072.477317183915,0.950835621836092,5.828633501449582,4.882074105617887,0.596,0.598,0.0020000000000000018
Mammographic_Mass_Data_Set,openml_catalog,961,2,2,0.7136929460580913,66.17456289956856,3.0409584246274903,62.194809590019894,1.572765793879085,59.59567037349059,0.9005827581201771,4.173018506392515,2.602767790542703,0.6175,0.6164999999999999,-0.001000000000000112
FOREX_euraud_day_High,openml_catalog,1834,10,2,0.738562091503268,286.63947825918467,28.27968427618828,223.00410585300537,19.044842781978126,209.8136040721949,0.7319773443156967,5.794477527396635,3.9161000948054694,0.49450000000000005,0.593,0.09849999999999992
biomed,openml_catalog,209,7,2,0.9245283018867925,299.7836195381211,22.90339454871676,299.7836195381211,22.90339454871676,221.64311925650827,0.739343662599029,5.145939922733085,4.1215264758132335,0.8832535885167464,0.8784688995215312,-0.004784688995215225
mfeat_factors_seed_3_nrows_2000_,openml_catalog,2000,100,10,0.976,1693.411370356989,131.6193657435984,1330.897573401453,102.71341081588376,1544.1388915464688,0.911851023665294,5.962970283878934,5.154855110394095,0.8619999999999999,0.956,0.09400000000000008
analcatdata_gsssexsurvey,openml_catalog,159,4,2,0.7,198.34702005799429,23.07276632310335,198.34702005799429,23.07276632310335,170.72184018025223,0.8607229900924915,4.905929826821913,3.8076443756090073,0.6616352201257861,0.660377358490566,-0.0012578616352201255
optdigits,openml_catalog,1572,64,2,0.9949109414758269,1389.2699640332514,118.73373854112542,1004.2341262901142,79.10446693749122,746.086730165369,0.5370350971954878,5.884751094142219,5.330803038401818,0.9440000000000001,0.9904999999999999,0.046499999999999875
kc1_seed_1_nrows_2000_nclasses_1,openml_catalog,1309,21,2,0.823170731707317,197.79316558628628,19.14945203125199,161.24330814288334,15.270851699149592,182.3322190547218,0.9218327565275772,5.025098690555978,4.087522243693619,0.7434999999999999,0.7410000000000001,-0.0024999999999998357
students_dropout_and_academic_su,openml_catalog,2794,19,3,0.6337625178826896,273.19644604933546,45.59511199928467,221.2027097740172,37.22894022457976,269.28573580718864,0.985685354627781,5.892357831762844,5.13491210868704,0.5435,0.568,0.024499999999999966
cnae_9_seed_4_nrows_2000_nclasse,openml_catalog,1080,100,9,0.37407407407407406,703.2669357683768,12.306692387836524,767.5869449847689,11.172748539520882,644.6040718769158,0.9165852098145819,4.073608930353619,2.4599701571052086,0.266,0.28300000000000003,0.017000000000000015
sf_police_incidents_seed_1_nrows,openml_catalog,1243,3,2,0.8038585209003215,267.86124268886607,48.36641402666382,207.09240678002462,35.062291960192354,268.2697529744016,1.00152508172304,5.814667322007283,4.5719006577395795,0.68,0.6815000000000001,0.0015000000000000568
volcanoes_a1,openml_catalog,1300,3,5,0.8061538461538461,268.18422561846535,55.18501060862599,226.4253333331221,43.41144904156969,253.47707528128308,0.9451602706935287,5.831116952043519,4.649414814861332,0.7904999999999999,0.797,0.006500000000000172
thyroid_allrep,openml_catalog,2168,6,5,0.5719557195571956,407.00299684657233,55.43209025663825,331.22124170789755,45.03592082336105,338.29638973752094,0.8311889405203774,5.643666746030543,4.965088887009953,0.43799999999999994,0.4445,0.006500000000000061
first_order_theorem_proving_seed,openml_catalog,2000,51,6,0.514,472.57742239446037,29.515577395353507,385.1106094662997,26.10048653262742,367.30090608847365,0.7772290606424435,5.410805070872815,3.769831245973038,0.359,0.35450000000000004,-0.0044999999999999485
Accidents_Prediction_Balanced_v3,openml_catalog,500,2,2,0.872,87.76597049463352,16.342662923776423,81.95629904170221,15.779797734301248,88.24922376402274,1.0055061576447648,5.504779715900284,4.38155036989815,0.7709999999999999,0.7705,-0.0004999999999999449
FOREX_audnzd_day_Close,openml_catalog,1832,10,2,0.4847161572052402,220.21765157826303,22.29481405740679,179.93412012416258,21.028274138005067,225.8060156664559,1.0253765492826845,5.811057205474333,4.121431939512102,0.4975,0.48700000000000004,-0.010499999999999954
heart_statlog_uci,openml_catalog,270,13,2,0.8088235294117647,586.0785586289717,101.54831402588856,586.0785586289717,101.54831402588856,429.87517566375107,0.7334770558222926,5.539662368994438,5.182223885642616,0.7666666666666667,0.7822222222222223,0.015555555555555545
fri_c3_1000_25,openml_catalog,1000,25,2,0.64,634.6448539495468,292.9406922266058,473.432240486145,205.50951702031932,539.5593606233597,0.8501752708866268,5.985362449635224,6.471319861241708,0.586,0.6405,0.05449999999999999
wilt_seed_2_nrows_2000_nclasses_,openml_catalog,1108,5,2,0.9963898916967509,377.87391867971957,47.88632944746903,281.9763531700981,37.185693862869044,373.7218043163042,0.9890119054050549,5.681735583960386,4.947508762460119,0.8995000000000001,0.9365000000000001,0.03700000000000003
compas_two_years,openml_catalog,2000,3,2,0.628,151.28704235456217,16.39890306774973,174.9923217839912,14.454392471963732,134.7267659804046,0.8905373777131139,4.863044360229946,3.9345252261902997,0.5835,0.5855,0.0020000000000000018
fri_c1_500_10,openml_catalog,500,10,2,0.776,774.1162378191948,250.64110472585827,586.7714315894798,187.627781011134,589.4531628247174,0.76145304028927,5.978391921482561,5.926145371315837,0.643,0.706,0.06299999999999994
bank_marketing_seed_3_nrows_2000,openml_catalog,2000,7,2,0.746,428.3738417035693,57.12484445499254,310.5136904215175,35.42161282792648,360.6778036659489,0.8419697202602173,5.722328816940616,4.982288048124287,0.6694999999999999,0.677,0.007500000000000173
Sick_numeric,openml_catalog,1231,29,2,0.9318181818181818,197.59168320832362,62.11967771118007,151.09913422094036,51.215415053435756,157.73363324976103,0.7982807306897644,5.6099516533888725,5.1588590880597565,0.8265,0.866,0.03949999999999998
1StudentPerfromance,openml_catalog,1000,3,2,0.888,309.3564112679136,36.807943339325874,265.3868315183444,36.75380487757333,320.53942243257103,1.0361492788166997,5.833459643859143,4.634344814726218,0.835,0.8545,0.019500000000000073
autoUniv_au6_1000,openml_catalog,1000,37,8,0.208,990.0954937934875,277.4412273007747,764.6596024036407,210.67073704580076,985.1853740215302,0.9950407614187349,5.98668420894877,6.466743372828208,0.1565,0.1775,0.02099999999999999
Credit_Risk_Classification_Datas,openml_catalog,1125,6,2,0.7836879432624113,277.61107159602074,41.57445555450232,239.99793047233157,28.4523065670762,310.79025249174424,1.1195167782933593,5.699254686646244,4.765641061663784,0.7005,0.701,0.0004999999999999449
guillermo_seed_4_nrows_2000_ncla,openml_catalog,1800,100,2,0.5822222222222222,2051.0023132044234,97.00960377889425,1573.1853465647225,50.210832002507544,2028.1595759759334,0.9888626467744928,5.937152504104747,4.78106315545126,0.53,0.5625,0.03249999999999997
credit_g_seed_1_nrows_2000_nclas,openml_catalog,1000,7,2,0.688,358.5506145917585,77.91305266179701,283.75729474896684,64.85090943637847,379.82738159243,1.059341041779825,5.823402472794014,5.412423217043505,0.62,0.6285,0.008499999999999952
qsar_biodeg_seed_3_nrows_2000_nc,openml_catalog,1055,41,2,0.8825757575757576,312.9328012805606,42.97708079631087,289.87552459948375,33.30774109614624,297.0600944593555,0.94927758689325,5.808823074116271,4.882036260958662,0.787,0.809,0.02200000000000002
thyroid_new,openml_catalog,215,5,3,0.9629629629629629,220.25882624428147,20.83344593660754,220.25882624428147,20.83344593660754,214.059233724136,0.9718531482898682,5.109211591573361,3.9260986053807803,0.9293023255813954,0.9209302325581395,-0.008372093023255811
cleve,openml_catalog,303,5,2,0.8157894736842105,423.42089670513315,70.93761712565956,420.25540668314335,68.68238959166096,374.4213761767803,0.8842770375537802,5.624311080512829,4.825910906254524,0.634983498349835,0.6316831683168316,-0.0033003300330034513
page_blocks,openml_catalog,1560,10,2,0.9564102564102565,166.4640956912045,20.073713862227116,191.75805954258578,14.020858024340768,162.91080434753465,0.9786543078318743,5.2502512403842285,4.108292433579585,0.894,0.9025,0.008499999999999952
